id_peptide,sequence
770,FVAPFPEVFGKEKVNELSKDIGSE
2127,IPIQYVL
2008,IPPL
519,KVLPVPE
1956,LKTAIQAAGYPDKVoxidation (M);deamidated (NQ)c
47600,MAPAAVAAAEAGSK
302,NIPPLTQTPV
2125,NQE
1926,AMQKIF
2003,DIPNP
47615,DLADIPQQQRLMAGLALVVATVIFLK
20392,ENGNTLSG
1905,IVPNSVEQKH
968,IW
2066,HIQKEDVPS
1944,IDDHFL
1865,NPADLPDAG
54531,AQTQSLVYPFPGPIPK
47605,EALEAMFL
881,IPP
1903,IASGEPTSTPTTEA
1790,IIP
520,KVLPVPQ
402,LVYPFP
1877,DPVAPLQRSGPEI
1955,AMQKIF oxidation (M) b
869,AYFYPE
1923,GDAGATY
47580,IESPPEIN
2021,APLRV
47608,HPVPPKKK
2028,LVYPFPGPI
1992,FVAPFP
1938,KSLLGK
1397,ARHPH
47616,KNGSIFNSPSATAATIIHGHNYSGLAYLDFVTSK
694,NLHLPLPLLQSW
1911,ASDPIL
1864,ATQVPLVSSTSEGYTASQPLYQP
2113,AVRSPAQILQ
502,FRQFYQL
2114,NLLRF
840,LPP
1970,NVPGEIVE
47599,ARHPHPHLSFM
1967,FPGP
47626,GVSKVKEAMAPKH
935,HHL
601,MKPWIQPK
300,MPFPKYPVEP
911,AY
2115,KTTMPLW
1937,LVGGASLKPEF
47602,AIAGAGVLSGYDQLQILFFGK
2081,KAVPQ
47591,MAPKHEMPFPKYP
724,HKEMPFPKYPVQPF
799,HLPLP
73928,LVYPFPGPIPKSLPQN
1913,PILYRPVA
1927,DSRGNPTVEVD
47621,PPGPGPGPPPPPGAAGRGGGG
1870,MAPKHKEMPFPKYPVEPF
967,AW
1930,IKNYPVVSIED
665,LVYPFPGPIPN
1917,LSGGQSEEEASINL
765,LVYPFPGPIPNSLPQNIPP
592,LAIPVNKP
761,PPQSVLSLSESKVLPVPE
996,AF
774,GVSKVEAMAPKHKEM PFPKYPVQPF
1878,DPVAPLQRSGPEIP
1936,GGKDQRLP
47629,L/VKRP
2019,AQSAP
2037,NLHLPLPLL
1964,LAFNPTQLEGQCHV
2064,AESIS
20347,GPIVLNPWDQVKR
2015,GPVRGPFPI
20344,NAGPFTPTVNR
47582,GVRGPFPII
2080,DKIHPFAQ
337,ENLLRF
47611,NANGELCPNNMCCSQWGYCGLGSEFCGNGCQSGACCPEK
1218,DVWY
2039,DVENLHLPLPLLQSW
1904,LSKDIGSESTEDQAMED
1986,LTLTDVEN
2010,IPPLTQTP
1399,LRFF
2042,NENLLRFFVAPFPE
2084,GVPKVK
1961,KETPSGFTLD
732,PPVVVPPFLQPEIM
1888,ELEELNVPGE
505,GPFPIIV
2126,AKYIPIQYVLSRYPSY
1421,GLPQE
1151,LKKISQ
2079,LKPDNR
20394,IKHQGLPQE
859,AVPYPQR
2071,GYLAVA
2061,HPHPHLSFMAIPP
645,AIPPKKNQD
1661,II
599,LVYPFPGP
1896,NIPPLTQTPVVVPFFIQPEVMGVSK
333,DKIHPF
2105,KKYNVPQL
1920,KLDVKGKRVVM
73926,LVYPFPGPIPK
1987,LHLPLPLL
20397,LHALLL
2130,ELEIVMASPP
2121,ILQWQVLSN
1901,IASGEPTSTPT
47576,NSKKTVD
1787,FI
1922,IKWGDAGATY
2020,IPAVF
1875,DIIIPD
1880,DPVAPLQRSGPE
870,FP
1373,GTG
47598,HIQKEDVPSER
1988,LLRF
1984,LQPEVMG
47579,PIGSENS
1902,IQKEDVPSER
20396,LGTFQN
1985,ITRINKK
384,LEIVPK
2050,LLYQEPVLGPVRGPFPIIV
20361,LPLPLLQSWM
1959,MVLPPP
2085,GVPKVKE
20342,DIPNPIGSENSGKTTMPLW
1884,GPSMR
47607,ITFAAYRR
2012,LPLPLLQS
759,IPPLTQTPVVVPPFLQPE
527,LLLAHLL
1977,LLQSW
25109,LYQEPVLGPVRGPFPIIV
2095,KQMK
47601,DNIPIVIR
2014,GPVRGPFP
1135,PP
20393,GNMPSGG
772,LGTQYTDAPSFSDIPNPIGSENSEK
1213,LIVTQ
2045,LPQYLKTVYQHQKA
1871,DP
2087,ID
1863,LAGNGRSVGVEYV
2033,AVPYPQRDMPI
680,DVENLHLPLPLL
739,KYPVQPFTESQSLTL
668,MPFPKYPVEPF
47613,PAEMVAAALDR
47606,AAGAAAAARSAGQCGR
663,LHLPLPLLQSW
20336,MHQPPQPLPPTVMFPPQSVL
47619,GVSNAAVVAGGH
1943,PGHPFIM
1057,PPK
656,DDDLTDDIMCV
1887,EMPFPKYPVEP
1006,IF
1289,IFL
2005,PITPT
47627,IHH
1108,IPY
20382,PGPIPN
1448,IFY
1982,PQRDMP
737,EPVLGPVRGPFPIIV
842,AMKPWIQPK
47620,DAQEFKR
20380,EVFGKEKVN
582,FALPQYLK
898,LQP
2099,DVPSERY
1892,NVPGEIVESL
1963,PAKIEAF
1912,ASDPILYRPVA
1978,IPPLTQ
2031,IPQ
2124,PPQ
2109,KFALPQ
9638,MPFPKYPVQPF
666,LVYPFTGPIPN
1999,ALPM “β-lactosin B”
2040,KYPVEPFTESQSLTLTDVENLHL
54532,KRKEMPLLQSPV
1325,FQ
47586,MAPKHKEMPFPKYPVQPF
1945,KPVSPLL
1941,LEGKVLPGVDALS
1544,IPPLTQTPV
2076,IPRPRPRP
325,AHEPVK
1909,EVGGEALGRL
1939,KSLLGKD
2089,LYY
2054,FVAPFPEVFGK
526,LHLPLPL
1952,PILYRPVAVA
368,KFAWPQ
2048,KGKDKHCQRP
764,LLYQQPVLGPVRGPFPIIV
20334,KEMPFPKYPVE
1965,FVAPFPQV
889,GY
2027,HQK
23127,MAIPPKKNQD
47624,DTAAGYVAPPDPAVSTGDYGLAGAEAPHPHESAVMSGAAAAAVAPGGEAYTR
1990,FRQF
2000,FVAPFPE
692,IGSENSEKTTMP
671,PPLTQTPVVVP
47584,ELQDKIHPF
2077,PIPFP
2111,IPIQY
541,PKDLREN
47625,APFPEVFGKEKVNEL
1587,LPHF
2072,ENGEC
47617,GTIFFSQEGDGPTSVTGSVSGLKPGLHGFHVHALGDTTNGCMSTGPHFNPTGK
20360,LPLPLLQSW
20388,MLAAKSSAAST
659,GPVRGPFPIIV
1949,AAVYKALSDHHIYL
20359,DELQDKIHPF
1156,IQP
1994,LHSMKEG
2116,ENSKKTVD
2025,HPIKH
2043,LGPVRGPFPI
495,FPEVFGK
1925,GYSNRVVDL
1900,KHIQKEDVPSER
1792,LVQGS
1983,LLYQEP
20358,DELQDKIHP
281,EVMAGNLYPG
2013,MPIQA
1439,PFP
1976,PGPIHN
47603,GNQEKVLELVQR
2101,AWPQ
47604,PAGSAAGAAP
1942,PFGNTHNKYKLNF
47612,LCPVHRAADL
2083,NQFLPYPY
2112,AVRSPAQIL
2128,FIG
23123,GLSPEVLNENLL
23129,GKEKVNELSKD
1995,IPNPIGSE
47614,KVALMSAGSMH
839,LW
47622,HKEMQAIFDVYIMFIN
1899,IASGEPTSTPTTE
1890,EPVLGVRGPFP
20343,IPNPIGSENSGKIT
2032,KAVPYPQRDMPIQ
773,DELQDKIHPFATQSLVYPFPGPIHNS
20355,FDART
9699,KAVPYPQ
992,GW
1998,HPIK
73927,LVYPFPGPIPKSLPQ
20337,HQPPQPLPPTVMFPPQSVL
2018,AEKTK
2117,EQQQTEDE
2036,LLYQEPVLGPVRGPF
664,LTQTPVVVPPF
1981,FTESQS
924,LLP
669,NHRNRMMDHVH
2041,FVAPFPEVFGKEKVNELSKDIGS
2118,LPQNIPPL
1921,MSHLGRPD
2086,KIHPFAQAQ
776,LPQNIPPLTQTPVVVPPFLQPEVMGVSK
20390,NQMLAAKSSAAS
2103,DVPSERYLG
588,FVAPFPEV
1931,NTNHGRILL
20378,EPVLGPVRGPFPI
324,AGPVLL
2022,AHKAL
1918,FISNHAY
2068,NAVPITPTLN
2091,FVAPFPEVF
2107,PQEVL
1960,MPQQIGVP
291,GPVRGPFPII
798,LPLP
23128,MPIQAF
9159,LVP
47593,NIPPLTQTPVVVPFLQPEVM
908,FY
1885,LIP
1997,LQDKIHP
1940,KSLLGKDVL
948,LNVPGEIVE
2004,AVPITPT
1906,LVYPFPGPIHNSLPQ
2035,LYQEPVLGPVRGPF
1441,PKHP
1928,KVVIGM
521,KYIPIQY
2088,LFY
2073,PPLTQTPV
2058,DDQNPH
721,DELQDKIHPFAQTQ
682,EPVLGPVRGPFP
2053,EVLNENLLRF
1932,GTHIAKTL
1915,IVPIVE
1699,LIVT
1980,FAQTQS
1916,AAVYKALSDHHIY
709,GVPKVKETMVPKH
1897,NIPPLTQTPVVVPFFIQ
20350,KVLPVPQK
833,IY
752,AIPPKKNQDKTEIPTIN
2123,HLPLPL
2059,LDDDLTDDI
1989,LGTQY
391,LHLPLP
2047,GQTSSPDIYNP
2092,KKYKVPQLE
779,GTQYTDAPSFSDIPNPIGSENSEKTTMPLW
2098,FPE
1819,FVAPFPEVFG
729,KVKPVPEKAVPYPQ
263,DKIHP
2120,FPPQSVL
1968,KAVPYPQE
715,PEINTVQVTSTAV
1031,AI
23130,MPIQAFLL
2096,KKYNVPQ
295,LPYPYYAKPA
