id_peptide,sequence,predicted
18867,AAGKGLVSNLLEK,False
58739,AAGLAMLFLGILSAAGSTMGARA,False
32500,AAAKAALNAVLVGANA,False
13916,ACGILHDNCVYVPAQNPCCRGLQCRYGKCLVQV,False
4779,ADDRNPLEQCFRETDYEEFLEIARNNLKATSNPKHVVIVGAGMAGLSAAYVLSGGGHQVTV,False
4263,ACYCRIPACIAGERRYGTCIYQGRLWAFCC,False
37200,ACYCRRRFCVCVGR,False
54520,ADSRKPDD,False
54519,ADSRKPI,False
54523,ADSRKPIWI,False
54513,ADNKRPIWVMGGMVNSLAQIKEFVGLGLDNSEKDNKWYKQ,False
54515,ADNRRPIWNLGHMVNALKQIPTFLXDGANA,False
54527,ADNRRPIWV,False
54516,ADNRRPIWVM,False
54524,ADNRRPIWVMGHMVNSLAQIDEFVNLGANSIETDVSFDRNCQVLVVFDLKTGHRXQFGGITNKVLNEAAYK,False
32825,AFHHIFRGIVHVGKTIHRLVTG,False
18337,AGYLLGKINLKALAALAKKIL,False
54514,AGNKRPIWIMGAMVNAIKDIXDFVNLGANNIXK,False
6819,AGWGSIFKHIFKAGKFIHGAIQAHND,False
6641,AIGSILGALAKGLPTLISWIKNR,False
5822,AIPCGESCVWIPCISTVIGCSCSNKVCYR,False
19385,AKKVFKRLEKLFSKIWNWK,False
27100,AKKVFKRLGIGAVLWVLTTG,False
27102,AKKVFKRLGIGAVLWVLTWG,False
58733,ALAGTIIAGASLTFQVLDKVLEELGKVSRK,False
27022,ALPLIGRVLSGIL,False
8916,ALWDTLLKKVLKAAAKAALDAVLVGANA,False
32467,ALWDTLLKKVLKAAAKAALNAVLVGANA,False
4984,ALWFTMLKKLGTMALHAGKAALGAAANTISQGTQ,False
5541,ALWKNMLKGIGKLAGKAALGAVKKLVGAES,False
4900,ALWKNMLKGIGKLAGQAALGAVKTLVGAES,False
4163,ALWKTLLKKVLKA,False
33118,ALWKTLLKKVLKAAA,False
8867,ALWKTLLKKVLKAAAK,False
8915,ALWKTLLKKVLKAAAKAALKAVLVGANA,False
8914,ALWKTLLKKVLKAAAKAALNAVLVGANA,False
4601,ALWKTLLKNVGKAAGKAALNAVTDMVNQ,False
7214,ALWKTMLKKLGTMALHAGKAAFGAAADTISQ,False
4278,ALWKTMLKKLGTMALHAGKAALGAAADTISQGTQ,False
6470,ALWMTLLKKVLKAAAKAALNAVLVGANA,False
5619,ALWMTLLKKVLKAAAKALNAVLVGANA,False
32491,ALWMTLLKKVLK,False
32370,ALWMTLLKKVLKAAAK,False
32463,ALWMTLLKKVLKAAAKAALDAVLVGANA,False
32476,ALWMTLLKKVLKAAAKAALKAVLVGANA,False
32479,ALWMTLLKKVLKAAAKAALN,False
54525,ANKRPIWIMGHMVNAIYQIDEFVNLGANSIETDVS,False
54512,ANKRPVWIMAHMVNAVAQIDEFVNLGANSIETD,False
54526,ANKRPVWIMGHMVNAVYQIDEFVNLGANSIDTDVS,False
32593,AQWFAIQHISLNPPRSTIAMRAINNYRWR,False
32592,AQWFAIQHISLNPPRSTIAMRAINNYRWRSKNQNTFLR,False
14054,ATCDLFSFRSKWVTPNHAGCAAHCIFLGNRGGRCVGTVCHCRK,False
14060,ATCDLLSFRSKWVTPNHAGCAAHCLLRGNRGGHCKGTICHCRK,False
5793,ATCDLLSGTGINHSACAAHCLLRGNRGGYCNGKGVCVCRN,False
4577,AVDLAKIANKVLSSLF,False
30029,AVGIGALFLGFLGAAGSTMGARS,False
21452,AWASFFKKAAHVAKHVAKAALTHYL,False
27103,AWKVFKRLGIGAVLWVLTWG,False
7191,AWLDKLKSLGKVVGKVALGVAQNYLNPQQ,False
34096,AWNTYDYMKREHSLVKPYQG,False
54518,AXRPKPIWDVAHMVNDLELVDEYLGDGANGLELDVAFSDDGTAEKMYHGVPCDCFRSCKRTETFTKYMDYIRELTTPGNSKFNNNLILLIMDLKLNGIEPNVAYAAGKSVAEKLLSSYWQNGESGARAYIVLSLETITRPEFINGFRDAIKASGHEELFEKIGWDFSGNEDLGDIRRVYQKYGIDEHIWQGDGITNCLPRGDYRLTEAMKKKNDPDYKYTEKVYTWSIDKEASIRNALRLGVDAVMTNYPARVKSILNESEFSSTHRMATYEDNPWQK,False
54555,CAESCVWIPCTVTAIVGCSCSWGVCYNGIP,False
14100,CAESCVWIPCTVTALLGCSCSNNVCYNGIP,False
14101,CAESCVYIPCTVTALLGCSCSNRVCYNGIP,False
19381,CFKFKFKFGSGFKFKFKFC,False
14108,CESCVWIPCISSVVGCSCKSKVCYKNGTLP,False
38345,CESCVWIPCITSAIGCSCKSKVCYRNGIPC,False
38346,CETCVGGTCNTPGCSCSWPVCTRNGLPIC,False
38347,CETCVGGTCNTPGCSCSWPVCTRNGLPVC,False
54556,CGESCVFIPCISAIIGCSCSNKVCYKNGSIP,False
14110,CGESCVFIPCISAIIGCSCSSKVCYKNGSIP,False
14111,CGESCVFIPCISAVIGCSCSNKVCYKNGSIP,False
14112,CGESCVFIPCISSVIGCACKSKVCYKNGSIP,False
14113,CGESCVFIPCISSVIGCSCSSKVCYRNGIP,False
14114,CGESCVFIPCISTLLGCSCKNKVCYRNGVIP,False
37270,CGESCVFIPCITSLAGCSCKNKVCYYDGGSVP,False
54557,CGESCVFIPCLTSAIGCSCKSKVCYRNGIP,False
34349,CGESCVFIPCVTALLGCSCKSKVCYKNSIP,False
20985,CGESCVWIPCISAALGCSCKNKVCYRNGIP,False
34350,CGESCVWIPCISAAVGCSCKSKVCYKNGTLP,False
14119,CGESCVWIPCISAVVGCSCKSKVCYKNGTLP,False
14120,CGESCVWIPCISSAIGCSCKNKVCYRNGIP,False
14121,CGESCVWIPCISSAIGCSCKSKVCYRNGIP,False
14122,CGESCVWIPCISSAVGCSCKNKVCYKNGTP,False
14123,CGESCVWIPCLTSAIGCSCKSKVCYRNGIP,False
14124,CGESCVWIPCLTSAVGCSCKSKVCYRNGIP,False
14126,CGESCVWIPCTITALAGCKCKSKVCYNSIP,False
34351,CGESCVYIPCISGVIGCSCTDKVCYLNGTP,False
54558,CGESCVYIPCITSVIGCSCSSKVCYINGVP,False
14130,CGESCVYIPCLTSAIGCSCKSKVCYRNGIP,False
14131,CGESCVYIPCLTSAVGCSCKSKVCYRNGIP,False
54549,CGETCTIGTCYTAGCTCSWPICTRNGLPV,False
14141,CGETCVGGTCNTPGCACSWPVCTRNGLPV,False
14142,CGETCVGGTCNTPGCGCSWPVCTRNGLPV,False
14143,CGETCVGGTCNTPGCTCSWPVCTRNGLPV,False
6658,CIGNGGRCNENVGPPYCCSGFCLRQPNQGYGVCRNR,False
21903,CKLLKTFLSKWIC,False
32353,CKLLLKWLLKLLKC,False
4807,CRQSCSFGPFTFVCDGNTK,False
41628,CVDIHVWDGVC,False
19382,CWKWKWKWGSGWKWKWKWC,False
7260,DAECEICKFVIQQVEAFIESNHSQAEIQKELNKL,False
41805,DAACAAHCLWR,False
54522,DDKRRQI,False
24212,DETXTDEEFN,False
7050,DHYICAKKGGTCNFSPCPLFNRIEGTCYSGKAKCCIR,False
14214,DKLIGSCVWGAVNYTSDCNGECLLRGYKGGHCGSFANVNCWCET,False
5194,DSMGAVKLAKLLIDKMKCEVTKAC,False
37360,DVSFRLSGATSKKKVYFISNLRKALPNEKKLYDIPLVRSSXSGSK,False
54560,DVSFSLSGGGTASYEK,False
23993,DYPKLTFTTS,False
5776,DYDWSLRGPPKCATYGQKCRTWSPPNCCWNLRCKAFRCRPR,False
14289,EASCARMDVPVMQRIAQGLCTSSCTAQKCMTGICKKVDSHPTCFCGGCSNANDVSLDTLISQLPHN,False
42515,ERFQPMFRRPG,False
33300,EWKLPDLIINHITLTRRNCFKYRCG,False
38416,EYCGESCYLIPCFTPGCYCVSRQCVNKN,False
4856,FALGAVTKLLPSLLCMITRKC,False
7158,FALGAVTKRLPSLFCLITRKC,False
18558,FALGAVTKVLPKLFCLITRKC,False
37204,FCYCRRRFCVCVGR,False
27023,FAPLIGRVLSGIL,False
4579,FFFLSRIF,False
5656,FFGAIAAALPHVISAIKNAL,False
5485,FFGHLFKLATKIIPSLFQ,False
5558,FFGSLLSLGSKLLPSVFKLFQRKKE,False
5780,FFGTALKIAANILPTAICKILKKC,False
6323,FFGTALKIAANVLPTAICKILKKC,False
4153,FFGWLIKGAIHAGKAIHGLIHRRRH,False
6119,FFGWLIRGAIHAGKAIHGLIHRRRH,False
32827,FFHHIARGIVHVGKTIHRLVTG,False
32091,FFHHIFRAIVHVAKTIHRLVTG,False
32192,FFHHIFRAIVHVGKTIHRLVTG,False
32201,FFHHIFRAIVHVPKTIHRLVTG,False
32193,FFHHIFRGIVHVAKTIHRLVTG,False
4274,FFHHIFRGIVHVGKTIHKLVTG,False
4273,FFHHIFRGIVHVGKTIHRLVTG,False
32196,FFHHIFRGIVHVPKTIHRLVTG,False
32203,FFHHIFRPIVHVAKTIHRLVTG,False
32092,FFHHIFRPIVHVGKTIHRLVTG,False
32199,FFHHIFRPIVHVPKTIHRLVTG,False
27039,FDLLGLVKSVVSAL,False
14358,FDNPFGCPADEGKCFDHCNNKAYDIGYCGGSYRATCVCYRK,False
7152,FFPFLLGALGSLLPKIF,False
6602,FFPIIAGMAAKLIPSLFCKITKKC,False
5544,FFPIIAGMAAKVICAITKKC,False
4767,FFPLALLCKVFKKC,False
5877,FFPLLFGALSSHLPKLF,False
6750,FFPLVLGALGSILPKIF,False
6622,FFRHLFRGAKAIFRGARQGWRAHKVVSRYRNRDVPETDNNQEEP,False
6254,FFRLLFHGVHHGGGYLNAA,False
6006,FFRLLFHGVHHVGKIKPRA,False
26869,FFRRFFRRFFRRFFRR,False
5090,FFSLIPSLVGGLISAFK,False
6189,FFSLLPSLIGGLVSAIK,False
33120,FFKKFWGGVKAIFKGARKGWK,False
5166,FHPSLWVLIPQYIQLIRKILKSG,False
6488,FIGAIARLLSKIF,False
13781,FIGAILPAIAGLVGGLINR,False
13778,FIGAILPAIAGLVHGLINR,False
5505,FIGAVAGLLSKIF,False
5124,FIGLLISAGKAIHDLIRRRH,False
6925,FIGPVLKIAAGILPTAICKIFKKC,False
5979,FIGTALGIASAIPAIVKLFK,False
18957,FIGTLIPLALGALTKLFK,False
4275,FIHHIFRGIVHAGRSIGRFLTG,False
4560,FIHHIIGGLFSAGKAIHRLIRRRRR,False
5925,FIHHIIGWISHGVRAIHRAIHG,False
8229,FIKRIARLLRKIF,False
32625,FKRIVQRIKDFLRGIGKFLHSAKKF,False
27078,FKRLEKLFKKIWNWK,False
19560,FKRLKKLFKKIWNWK,False
6211,FITLLLRKFICSITKKC,False
18506,FIVPSIFLLKKAFCIALKKC,False
32860,FLFKLIPKAIKKLISKFK,False
4886,FLFSLIPHAIGGLISAFK,False
6842,FLFSLIPSAISGLISAF,False
6568,FLGAIAAALPHVINAVTNAL,False
17230,FLGAIAGVAAKFLPKVFCFITKKC,False
32603,FLGALFKVAWK,False
6367,FLGALIKGAIHGGRFIHGMIQNHH,False
31465,FLGALLGPLMNLLQ,False
7495,FLGFLHHLF,False
7494,FLGFLKNLF,False
5421,FLAGLIGGLAKML,False
37249,FLAGLIGGLAKMLGK,False
27024,FLALIGRVLSGIL,False
6066,FLGLLFHGVHHVGKWIHGLIHGHH,False
6187,FLGMIPGLIGGLISAFK,False
20027,FLGMIPKLIKKLIKAFK,False
5716,FLGPIIKIATGILPTAICKFLKKC,False
4842,FLGSIVGALASALPSLISKIRN,False
6028,FLGSLIGAAIPAIKQLLGLKK,False
5720,FLGSLLGLVGKVVPTLFCKISKKC,False
5817,FLPAALAGIGGILGKLF,False
6891,FLPAIAGILSQLF,False
58687,FLPAIAGILSQLF~,False
5583,FLPAIFRMAAKVVPTIICSITKKC,False
27025,FLPAIGRVLSGIL,False
6500,FLPAIVGAAAKFLPKIFCAISKKC,False
23952,FLGWLFKWAKK,False
23709,FLGWLFKWASK,False
24030,FLGWLFKWAWK,False
5120,FLHHIVGLIHHGLSLFGDRAD,False
5891,FLIGMTQGLICLITRKC,False
32565,FLKALFKVALKVL,False
32564,FLKALFKVASKVL,False
18679,FLPALAGIAGLLGKIF,False
6415,FLPAVIRVAANVLPTVFCAISKKC,False
6626,FLPAVLKVAAHILPTAICAISRRC,False
5010,FLPAVLRVAAQVVPTVFCAISKKC,False
18798,FLPFLGKLLSGIF,False
19238,FLPFLLSALPKVFCFFSKKC,False
7202,FLPFVGKLLSGLL,False
5171,FLPGLIKAAVGIGSTIFCKISKKC,False
5669,FLPGLIKAAVGIGSTIFCKISRKC,False
5156,FLPGLIKAAVGVGSTILCKITKKC,False
5587,FLPGLIKVAVGVGSTILCKITKKC,False
5911,FLPIIAGAAAKVVEKIFCAISKKC,False
6046,FLPIIAGAAAKVVQKIFCAISKKC,False
4589,FLPIIAGIAAKFLPKIFCTISKKC,False
5991,FLPIIAGMAAKVICAITKKC,False
6656,FLPIIAGVAAKVLPKIFCAISKKC,False
5372,FLPIIAGVAAKVLPKLFCAITKKC,False
6661,FLPIIGKLLSGLL,False
5625,FLPIITNLLGKLL,False
5308,FLPILAGLAAKIVPKLFCLATKKC,False
6016,FLPILAGLAAKLVPKVFCSITKKC,False
6920,FLPILAGLAANILPKVFCSITKKC,False
6462,FLPILASLAAKFGPKLFCLVTKKC,False
26971,FLPILASLAAKFGPKLFSLVTKKS,False
5876,FLPILASLAAKLGPKLFCLVTKKC,False
58704,FLPILGKIAGFLFG,False
58703,FLPILGKIAGFLF~,False
58708,FLPILGKILGGLLG,False
58707,FLPILGKILGGLL~,False
58710,FLPILGKILGQLFG,False
58709,FLPILGKILGQLF~,False
6452,FLPILGKLLSGIL,False
5455,FLPIVAGLAANFLPKIVCKITKKC,False
6411,FLPIVASLAANFLPKIICKITKKC,False
5106,FLPIVGKLLSGLL,False
5474,FLPIVGRLISGLL,False
5952,FLPKMSTKLRVPYRRGTKDYH,False
58688,FLPLAIGLLGKLFG,False
6824,FLPLAVSLAANFLPKLFCKITKKC,False
6228,FLPLIAGLIGKLF,False
58712,FLPLIAGLLGKLFG,False
58711,FLPLIAGLLGKLF~,False
19167,FLPLIAGVAAKVLPKIFCAISKKC,False
17236,FLPLIAGVAANFLPKIFCLISKKC,False
17237,FLPLIAGVAASILPKIFCFITKKC,False
27027,FLPLIARVLSGIL,False
5849,FLPLIASLAANFVPKIFCKITKKC,False
5052,FLPLIASVAANLVPKIFCKITKKC,False
27028,FLPLIGAVLSGIL,False
27029,FLPLIGRALSGIL,False
27031,FLPLIGRVLAGIL,False
27032,FLPLIGRVLSAIL,False
4271,FLPLIGRVLSGIL,False
58702,FLPLILGKLVKGLLG,False
58701,FLPLILGKLVKGLL~,False
5560,FLPLILPSIVTALSSFLKQG,False
6142,FLPLILRKIVTAL,False
58690,FLPLILRKIVTALG,False
58689,FLPLILRKIVTAL~,False
5215,FLPLLAGLAANFFPKIFCKITRKC,False
6400,FLPLLAGLAANFLPKIFCKITRKC,False
19203,FLPLLAGLAANFLPKIICKIARKC,False
18812,FLPLLAGLAANFLPQIICKIARKC,False
21476,FLPLLAGLCKITRKCAANFLPKIF,False
6241,FLPLLAGVVANFLPQIICKIARKC,False
5695,FLPLLASLFSRLF,False
58706,FLPLLFGALSAILPKIFG,False
58705,FLPLLFGALSAILPKIF~,False
6152,FLPLLFGALSTLLPKIF,False
6675,FLPLLLAGLPKLLCLFFKKC,False
5277,FLPLLLAGLPLKLCFLFKKC,False
18722,FLPLLLSALPSFLCLVFKKC,False
4594,FLPLLVGAISSILPKIF,False
5126,FLPLVLGALSGILPKIL,False
5639,FLPLVTMLLGKLF,False
5335,FLPMLAGLAANFLPKIICKITKKC,False
5941,FLPMLAGLAANFLPKIVCKITKKC,False
6450,FLPMLAGLAASMVPKLVCLITKKC,False
37205,FLPVIAGAANFLPKLFCAISKKC,False
4816,FLPVIAGLAAKVLPKLFCAITKKC,False
6225,FLPVIAGVAANFLPKLFCAISKKC,False
17238,FLPVIASVAAKVLPKVFCFITKKC,False
5329,FLPVILPVIGKLLSGIL,False
6996,FLPVLAGIAAKVVPALFCKITKKC,False
7032,FLPVLAGLTPSIVPKLVCLLTKKC,False
23710,FLKWLFKWAKK,False
33593,FLKWLFKWLKK,False
6045,FLRFIGSVIHGIGHLVHHIGVAL,False
4718,FLSGIVGMLGKLF,False
6869,FLSIIAKVLGSLF,False
7057,FLSLALAALPKFLCLVFKKC,False
5038,FLSLALAALPKLFCLIFKKC,False
18547,FLSLIPHIASGIASLVKNF,False
4170,FLSLIPHIVSGVASIAKHF,False
18557,FLSLIPKIAGGIAALAKHL,False
18631,FLSLIPKLVKKIIKAFK,False
18548,FLSLLPHIASGIASLVSKF,False
6899,FLPVLTGLTPSIVPKLVCLLTKKC,False
27014,FLPWFSKFLGRIL,False
32576,FLWALFKVASK,False
5740,FLWGLIPGAISAVTSLIKK,False
23934,FLWWLFKWAWK,False
6523,FLSSIGKILGNLL,False
4587,FLSTALKVAANVVPTLFCKITKKC,False
5227,FLSTIWNGIKSLL,False
5819,FLSTLLKVAFKVVPTLFCPITKKC,False
5020,FLSTLLNVASKVVPTLFCKITKKC,False
5647,FLSTLLNVASNVVPTLICKITKKC,False
6964,FLSTLWNAAKSIF,False
14398,FKCWRWQWRWKKLGAKVFKRLEKLFSKI,False
6977,FMGSALRIAAKVLPAALCQIFKKC,False
5144,FMGTALKIAANVLPAAFCKIFKKC,False
32281,FKIKASKVLDKFGKIVGKVLKQLKKVSAVAKV,False
32280,FKIKPGKVLDKFGKIVGKVLKQLKKVS,False
32279,FKIKPGKVLDKFGKIVGKVLKQLKKVSAVAKV,False
32235,FKLFKKILKFL,False
28561,FKLFKKILKVLG,False
28594,FKLFKKILKVL~,False
19334,FKLFKKIPKFLHLAKKF,False
5748,FKLGSFLKKAWKSKLAKKLRAKGKEMLKDYAKGLLEGGSEEVPGQ,False
6245,FRFGSFLKKVWKSKLAKKLRSKGKQLLKDYANKVLNGPEEEAAAPAE,False
5243,FRGLAKLLKIGLKSFARVLKKVLPKAAKAGKALAKSMADENAIRQQNQ,False
14453,FRWCFRVCYKGRCRYKCR,False
32382,FRKLFRVYSNFLRGKLKL,False
32282,FSISPGKVLDKFGKIVGKVLKQLKKVSAVAKV,False
14460,FTCDVLSVEAKGVKLNHAACGIHCLFRRRTGGYCNKKRVCICR,False
6543,FVGAIAAALPHVISAIKNAL,False
7471,FVPWFSKFLGRIL,False
6463,FVDLKKIANIINSIF,False
7254,FVDLKKIANIINSIFGK,False
27015,FVQWFSKFLGKIL,False
6631,FVQWFSKFLGRIL,False
27013,FVQWFSKFLLRIL,False
27017,FVQWFSRFLGRIL,False
27018,FVRWFSKFLGRIL,False
27019,FVRWFSRFLGRIL,False
5159,FVGPVLKIAAGILPTAICKIYKKC,False
23787,FVKLKKILNIILSIFKK,False
23786,FVKLKKILNIINSIFKK,False
18133,FWGALAKGALKLIGPGSLFSSFSKKD,False
18132,FWGALAKGALKLIGSLFSSFSKKD,False
32129,FWGALAKGALKLIGVGSLFSSFSKKD,False
32126,FWGALAKGALKLIGVSLFSSFSKKD,False
6752,FWGALAKGALKLIPSLFSSFSKKD,False
32128,FWGALAKGALKLIVGSLFSSFSKKD,False
32125,FWGALAKGALKLIVSLFSSFSKKD,False
5945,FWGALIKGAAKLIPSVVGLFKKKQ,False
7003,FWGHIWNAVKRVGANALHGAVTGALS,False
5548,GAFGNFLKGVAKKAGLKILSIAQCKLFGTC,False
5976,GAFGNFLKGVAKKAGLKILSIAQCKLSGTC,False
5604,GAFGNLLKGVAKKAGLKILSIAQCKLSGTC,False
5333,GALRGCWTKSYPPKPCK,False
13787,GASCGETCFTGICFTAGCSCNPWPTCTRN,False
40551,GASLSFKILKTVLEALGNV,False
6634,GCASRCKAKCAGRRCKGWASASFRGRCYCKCFRC,False
23792,GCKKWFKKAAHVGKNVGKVALNAYL,False
13765,GDACGETCFTGICFTAGCSCNPWPTCTRN,False
54521,GDTRRQIL,False
20362,GDLVTYF,False
14497,GEFLKCGESCVQGECYTPGCSCDWPICKKN,False
5666,GEILCNLCTGLINTLENLLTTKGADKVKDYISSLCNKASGFIATLCTKVLDFGIDKLIQLIEDKVDANAICAKIHAC,False
5028,GETFDKLKEKLKTFYQKLVEKAEDLKGDLKAKLS,False
27265,GFCIPIRCPGHTRQIGTCFGPRVKSCRKW,False
5697,GFFAFIPKIISSPLFKTLLSAVGSALSSSGEQE,False
32101,GFFALIAKIISSPLFKTL,False
32102,GFFALIAQIISSPLFQTL,False
54561,GFFALIPGIE,False
6391,GFFALIPKIISSPIFKTLLSAVGSALSSSGGQE,False
21531,GFFALIPKIISSPLFKTLLSAV,False
54563,GFFALIPKIISSPLFKTLLSAVGSALSSSGDQE,False
6539,GFFALIPKIISSPLFKTLLSAVGSALSSSGEQE,False
4562,GFFALIPKIISSPLFKTLLSAVGSALSSSGGQE,False
54562,GFFFP,False
5029,GFFGKMKEYFKKFGASFKRRFANLKKRL,False
33662,GFFGKRKEYFKKFGASFKRRFANLKKRL,False
5317,GFFGNTWKKIKGKADKIMLKKAVKIMVKKEGISKEEAQAKVDAMSKKQIRLYLLKYYGKKALQKASEKL,False
19484,GEYCGESCYLIPCFTPGCYCVSRQCVNKN,False
5959,GFLGILFHGVHHGRKKALHMNSERRS,False
5228,GFLGPLLKLAAKGVAKVIPHLIPSRQQ,False
4974,GFLGPLLKLGLKGAAKLLPQLLPSRQQ,False
7138,GFLGPLLKLGLKGVAKVIPHLIPSRQQ,False
6788,GFGALFKFLAKKVAKTVAKQAAKQGAKYVVNKQME,False
6919,GFGCPFNENECHAHCLSIGRKFGFCAGPLRATCTCGKQ,False
5389,GFGCPGNQLKCNNHCKSISCRAGYCDAATLWLRCTCTDCNGKK,False
5787,GFGCPLDQMQCHRHCQTITGRSGGYCSGPLKLTCTCYR,False
5280,GFGCPLNQGACHRHCRSIRRRGGYCAGFFKQTCCYRN,False
32058,GFSSIFRGVAKFASKGLGKDLAKLGVDLVA,False
6290,GFSSIFRGVAKFASKGLGKDLAKLGVDLVACKISKQC,False
32057,GFSSIFRGVAKFASKGLGKDLAKLGVDLVASKISKQS,False
32056,GFSSIFRGVAKFASKGLGKKLAKLGVKLVACKISKQC,False
14539,GFMDTAKNAAKNVAVTLLDNLKCKITKAC,False
4834,GFMDTAKNVAKNVAVTLIDKLRCKVTGGC,False
5655,GFMDTAKNVAKNVAVTLIDNLKCKITKAC,False
6196,GFMDTAKNVAKNVAVTLLDNLKCKITKAC,False
26912,GFMKYIGPLIPHAVKAIKKLI,False
6790,GFMKYIGPLIPHAVKAISDLI,False
41058,GFMKYIGPLIPHAVKAISKLI,False
41059,GFMKYIKPLIPHAVKAIKKLI,False
41060,GFMKYIKPLIPHAVKAISKLI,False
6948,GFMSKVANFAKKFAKGGVNAIMNQK,False
38723,GFPCAESCVYIPCTVTALLGCSCRNRVCYRN,False
20332,GFPCGESCVYVPCLTAAIGCSCSNKVCYKN,False
6969,GFRDVLKGAAKAFVKTVAGHIAN,False
13769,GFREKHFQRFVKYAVPESTLRTVLQTVVHKVGKTQFGCPAYQGYCDDHCQDIEKKEGFCHGFKCKCGIPMGF,False
5511,GFWGKLFKLGLHGIGLLHLHL,False
5850,GFWTTAAEGLKKFAKAGLASILNPK,False
26931,GFGSFLGSLFKTGLKIIPKLLPSIQQ,False
5936,GFGSLFKFLAKKVAKTVAKQAAKQGAKYIANKQME,False
5904,GFGSLFKFLAKKVAKTVAKQAAKQGAKYIANKQTE,False
7108,GFGSLFKFLAKKVAKTVAKQAAKQGAKYVANKHME,False
5942,GFGSLLGKALKIGTNLL,False
32312,GFGTILKALAKIAGKVVKKLATKPGATYMLKENLK,False
28974,GFIATLCTKVLDFGIDKLIQLIEDK,False
13772,GGKPDLRPCHPPCHYIPRPKPR,False
34159,GGLFYVKHKEQQRKRF,False
6785,GFISTVKNLATNVAGTVIDTIKCKVTGGC,False
20282,GFKDLLKGAAKALVKAVLF,False
5978,GFKDLLKGAAKALVKTVLF,False
27192,GFKDLLKKAAKALVKTVLF,False
5357,GGLRSLGRKILRAWKKYGPIIVPIIRIG,False
26655,GFKKLLKGAAKALVKTVLF,False
13774,GGSVPCGESCVFIPCITSLAGCSCKNKVCYYD,False
14560,GGTIFDCGESCFLGTCYTKGCSCGEWKLCYGEN,False
14561,GGTIFDCGESCFLGTCYTKGCSCGEWKLCYGTN,False
6598,GGYYCPFFQDKCHRHCRSFGRKAGYCGGFLKKTCICV,False
5671,GGYYCPFRQDKCHRHCRSFGRKAGYCGGFLKKTCICV,False
8557,GGTIFDCGETCFLGTCYTPGCSCGNYGFCYGTN,False
7171,GIFSKINKKKAKTGLFNIIKTVGKEAGMDVIRAGIDTISCKIKGEC,False
6942,GIFSKLAGKKLKNLLISGLKNVGKEVGMDVVRTGIDIAGCKIKGEC,False
5659,GIFSKLGRKKIKNLLISGLKNVGKEVGMDVVRTGIDIAGCKIKGEC,False
6002,GIFSLIKTAAKFVGKNLLKQAGKAGVEHLACKANNQC,False
51996,GIGAILKVLATGLPTLISWI,False
14593,GIGAILKVLATGLPTLISWIKNKRKQ,False
6345,GIGALSAKGALKGLAKGLAEHFAN,False
21542,GIGAVLIVLTTGLPALISWIKRKRQQ,False
32361,GIGAVLKVLALISWIKRKR,False
37266,GIGAVLKVLSTGLPALISWIKRKRQQ,False
33267,GIGAVLKVLTTGLCALISWIKRKRQQ,False
51995,GIGAVLKVLTTGLPALISWI,False
4177,GIGAVLKVLTTGLPALISWIKRKRQQ,False
58685,GIGAVLKVLTTGLPALISWIKRKRQQG,False
23640,GIGAVLKVLTTGLPALISWIKRKRQQ~,False
40429,GIGAVLTTGLPALISWIKRKRQQ,False
4938,GIGGALLSAGKAALKGLAKVLV,False
4645,GIGGALLSVGKLALKGLANVLADKFAN,False
6984,GIGGKILGGLRTALKGAAKELAATYLH,False
6509,GIGGVLLGAGKATLKGLAKVLAEKYAN,False
6773,GIGGKILSGLKTALKGAAKELASTYLH,False
21510,GIGKFIHAAKKFGKLFIGEIMNS,False
21509,GIGKFIHSAKKFGKLFVGEIMNS,False
14608,GIGKFLHAAKKFAKAFVAEIMNS,False
21522,GIGKFLHKVGSFIKSWKGEIMNS,False
4646,GIGKFLHSAGKFGKAFIGEIMKS,False
33292,GIGKFLHSAKKFFKRIVQRIKDFLR,False
4104,GIGKFLHSAKKFGKAFVGEIMNS,False
6692,GIGKFLKKAKKFGKAFVKILKK,False
31520,GIGKFLKKAKKFGKAFVKMKK,False
7064,GIGTKFLGGVKTALKGALKELASTYVN,False
5683,GIGTKILGGVKTALKGALKELASTYAN,False
5261,GIFALIKTAAKFVGKNLLKQAGKAGLEHLACKANNQC,False
18959,GIFDVLKNLAKGVITSLAS,False
6439,GIFGKILGAGKKVLCGLSGLC,False
7175,GIFGKILGVGKKVLCGLSGMC,False
6910,GIFGKILGVGKKVLCGLSGVC,False
4979,GIFGKILGVGKKVLCGLSGWC,False
5459,GIFPIFAKLLGKVIKVASSLISKGRTE,False
4972,GIFPKIIGKGIVNGIKSLAKGVGMKVFKAGLNNIGNTGCNNRDEC,False
6304,GIFSALAAGVKLLGNTLFKMAGKAGAEHLACKATNQC,False
23796,GIIKKIIKKIIKKI,False
23797,GIIKKIIKKIIKKIIKKI,False
32218,GIINTLQKYYWRVRGGRWAVLSWLPKEEQIGKWSTRGRKWWRRKK,False
6980,GIKDWIKGAAKKLIKTVASHIANQ,False
26921,GIKEFAHSLGKFGKAFVGGILNQ,False
19489,GILDKLKEFGISAARGVAQSLLNTASCKLAKTC,False
6971,GILDKLKEFGISAARGVAQSLLNTTASCKLAKTC,False
4847,GILDSFKGVAKGVAKDLAGKLLDKLKCKITGC,False
4794,GILDTFKGVAKGVAKDLAVHMLENLKCKMTGC,False
4621,GILDTIKNAAKTVAVGLLEKIKCKMTGC,False
5532,GILDTIKSIASKVWNSKTVQDLKRKGINWVANKLGVSPQAA,False
5438,GILDTLKQLGKAAAQSLLSKAACKLAKTC,False
5823,GILGKLWEGFKSIV,False
5503,GILKKFMLHRGTKVYKMRTLSKRSH,False
32324,GILKTIKSIASKLKRKAK,False
32317,GILKTIKSIASKVANTVQKLKRKAKNAV,False
32316,GILKTIKSIASKVANTVQKLKRKAKNAVA,False
32325,GILNTIKSIASKLKRKAK,False
4653,GIMDSVKGLAKNLAGKLLDSLKCKITGC,False
22916,GIMDTIKGAAKDLAGQLLDKLKCKITKC,False
6889,GIMDTLKNLAKTAGKGALQSLLNKASCKLSGQC,False
17254,GIMNTVKDVATGVATHLLNMVKCKITGC,False
19239,GIMRVFKGVLKTAGKSVAKNVAGSFLDRLKCKISGGC,False
6013,GIMSLFKGVLKTAGKHVAGSLVDQLKCKITGGC,False
54544,GIPCAESCVFIPCVTAILGCSCKDRVCYN,False
32050,GIPCAESCVWIPCTITALMGCSCKNNVCYNN,False
54550,GIPCAESCVWIPCTVTAIVGCSCSWGVCYN,False
14642,GIPCAESCVWIPCTVTALIGCGCSNKVCYN,False
3483,GIPCAESCVWIPCTVTALLGCSCKDKVCYLD,False
3484,GIPCAESCVWIPCTVTALLGCSCKDKVCYLN,False
13783,GIPCAESCVWIPCTVTALLGCSCSNNVCYN,False
8560,GIPCAESCVWIPCTVTALVGCSCSDKVCYN,False
38881,GIPCAESCVYIPCTITALFGCSCKDKVCYNN,False
38882,GIPCAESCVYIPCTITALLGCSCKDKVCYKN,False
14647,GIPCAESCVYIPCTVTALLGCSCSNRVCYN,False
38884,GIPCGESCVFIPCISALLGCSCSNKVCYNN,False
13771,GIPCGESCVFIPCISSVIGCSCSSKVCYRN,False
3485,GIPCGESCVFIPCISSVVGCSCKSKVCYLD,False
38885,GIPCGESCVFIPCISSVVGCSCKSKVCYNN,False
3481,GIPCGESCVFIPCISTVIGCSCKNKVCYRN,False
3490,GIPCGESCVFIPCITAAIGCSCKSKVCYRN,False
38886,GIPCGESCVFIPCITGAIGCSCKSKVCYRD,False
5893,GIPCGESCVFIPCITGAIGCSCKSKVCYRN,False
3482,GIPCGESCVFIPCITGIAGCSCKSKVCYRN,False
13768,GIPCGESCVFIPCLTSAIDCSCKSKVCYRN,False
23857,GIPCGESCVFIPCLTSAIGCSCKSKVCYRN,False
38887,GIPCGESCVFIPCLTTVVGCSCKNKVCYNN,False
54554,GIPCGESCVFIPCTVTALLGCSCQNKVCYRD,False
38890,GIPCGESCVFIPCVTTVIGCSCKDKVCYNN,False
8554,GIPCGESCVWIPCISAAIGCSCKSKVCYRN,False
4772,GIPCGESCVWIPCISAALGCSCKNKVCYRN,False
5055,GIPCGESCVWIPCISSAIGCSCKSKVCYRN,False
38894,GIPCGESCVWIPCISSALGCSCKNKVCYRN,False
14651,GIPCGESCVWIPCITSAIGCSCKSKVCYRN,False
14655,GIPCGESCVWIPCLTSAVGCPCKSKVCYRN,False
6317,GILSSFKGVAKGVAKDLAGKLLETLKCKITGC,False
6573,GILSSFKGVAKGVAKNLAGKLLDELKCKITGC,False
6590,GILSSIKGVAKGVAKNVAAQLLDTLKCKITGC,False
6606,GILSTFKGLAKGVAKDLAGNLLDKFKCKITGC,False
23789,GIRKWFKKAAHVGKEVGKVALNACL,False
23793,GIRKWFKKAAHVGKKVGKVALNAYL,False
14656,GIPCGESCVWIPCLTSAVGCSCKSKVCYRN,False
14657,GIPCGESCVWIPCLTSTVGCSCKSKVCYRN,False
23863,GIPCGESCVYIPCITAAIGCSCKSKVCYRN,False
54548,GIPCGETCVAFGCWIPGCSCKDKLCYYD,False
46283,GIPICGETCTIGTCNTPGCTCSWPVCTRD,False
54545,GIPTCGETCFKGKCYTPGCSCSYPICKKD,False
7023,GIRCPKSWKCKAFKQRVLKRLLAMLRQHAF,False
7224,GIWGTALKWGVKLLPKLVGMAQTKKQ,False
5432,GIWGTLAKIGIKAVPRVISMLKKKKQ,False
41062,GIWKSLFTKLLKG,False
7374,GIWSSIKNLASKAWNSDIGQSLRNKAAGAINKFVADKIGVTPSQAAS,False
5637,GKGRWLERIGKAGGIIIGGALDHL,False
33169,GKKLFKKILKYLAGPAKKLFKKILKYL,False
33175,GKKLFKKILKYLAGPAKKLFKKILKYLKDEL,False
21367,GIACGESCVFLGCFIPGCSCKSKVCYFN,False
23862,GIACGESCVWIPCISSAIGCSCVKSKCYRN,False
33661,GKLIKKFGRKAISYAVKKARGKH,False
5373,GKLSGISKVLRAIAKFFKGVGKARKQFKEASDLDKNQ,False
4802,GKCSVLKKVACAAAIAGAVAACGGIDLPCVLAALKAAEGCASCFCEDHCHGVCKDLHLC,False
7083,GKFSGFAKILKSIAKFFKGVGKVRKGFKEASDLDKNQ,False
6537,GKFSVFGKILRSIAKVFKGVGKVRKQFKTASDLDKNQ,False
7035,GKFSVFSKILRSIAKVFKGVGKVRKGFKTASDLDKNQ,False
23073,GKPTCGETCFKGKCYTPGCTCSYPLCKKD,False
33663,GKMKEYFKKFGASFKRRFANLKKRL,False
23060,GKPICGETCFKGKCYTPGCTCSYPICKKD,False
23072,GKPICGETCFKGKCYTPGCTCSYPICKKN,False
7394,GLASTIGSLLGKFAKGGAQAFLQPK,False
19598,GLFDIIKKIAESFKFSEAIKKIIDFLG,False
4978,GLFGKILGVGKKVLCGLSGMC,False
4859,GLFGKLIKKFGRKAISYAVKKARGKH,False
33657,GLFGKLIKKFLRKAISYAVKKARGKH,False
33648,GLFGKLIKKKGRKAISYAVKKARGKH,False
33638,GLFGKLQKKFGRKAISYAVKKARGKH,False
6662,GLFGKSSVVGRKYYVDLAGCAKA,False
6366,GLFGKSSVWGRKYYVDLAGCAKA,False
6338,GLFPKFNKKKVKTGIFDIIKTVGKEAGMDVLRTGIDVIGCKIKGEC,False
5099,GLFSKFAGKGIKNLIFKGVKHIGKEVGMDVIRTGIDVAGCKIKGEC,False
4690,GLFSVVTGVLKAVGKNVAKNVGGSLLEQLKCKISGGC,False
5040,GLFTLIKGAAKLIGKTVAKEAGKTGLELMACKITNQC,False
54534,GLHFAFP,False
32742,GLKALKKVFKGIHKAIKLINKHVK,False
27334,GLKALKKVFKGIHKAIKLINKHVQ,False
27439,GLKALKKVFQGIHKAIKLINNHVQ,False
6754,GLKEIFKAGLGSLVKGIAAHVAS,False
31462,GLKEVLHSTKKFAKGFITGLTGQ,False
23790,GLKKWFKKAVHVGKKVGKVALNAYL,False
21479,GLLALISWIKRKRQQ,False
5984,GLLDFVTGVGKDIFAQLIKQI,False
7230,GLLDSLKGFAATAGKGVLQSLLSTASCKLAKTC,False
6897,GLLDTFKNLALNAAKSAGVSVLNSLSCKLSKTC,False
32744,GLNALKKFFQGIHEAIKLINNHVQ,False
5857,GLGSLLGKAFKFGLKTVGKMMGGAPREE,False
6170,GLGSLLGKAFKFGLKTVGKMMGGAPREQ,False
17261,GLGSLLGKALKFGLKAAGKFMGGEPQQ,False
37289,GLGSVFGRLARIGRVIPKV,False
6787,GLGSVFGRLARILGRVIPKV,False
6235,GLGSVFGRLARILGRVIPKVAKKLGPKVAKVLPKVMKEAIPMAVEMAKSQEEQQPQ,False
26366,GLLGKILGVEKKVLCGLSGMC,False
20316,GLLGKLLKIAAKVGKKLL,False
20311,GLLGKLLKIAAKVGSNLL,False
20314,GLLGPLLKIAAKVGKKLL,False
20313,GLLGPLLKIAAKVGKNLL,False
20315,GLLGPLLKIAAKVGSKLL,False
4992,GLLGPLLKIAAKVGSNLL,False
20317,GLLKKLLKIAAKVGKKLL,False
14713,GLLPCAESCVYIPCLTTVIGCSCKSKVCYKN,False
5597,GLLSGILGAGKHIICGLSGLC,False
4642,GLLSGILGAGKQKVCGLSGLC,False
5060,GLLSGTSVRGSI,False
6507,GLLSGVLGVGKKVDCGLSGLC,False
5431,GLLSGVLGVGKKVLCGLSGLC,False
6638,GLLSKFGRLARKLARVIPKV,False
6361,GLLSNVAGLLKQFAKGGVNAVLNPK,False
5264,GLLSRLRDFLSDRGRRLGEKIERIGQKIKDLSEFFQS,False
17266,GLLSVFKGVLKTAGKNVAKNVAGSLLDQLKCKISGGC,False
37254,GLLSVLKGVLKTAGKHIFKNVGGSLLDQAKCKISGEC,False
4969,GLLSVLKGVLKTTGKHIFKNVGGSLLDQAKCKISGQC,False
32738,GLNALKKVFKGIHEAIKLINNHVQ,False
32746,GLNALKKVFQGIHEAFKLINNHVQ,False
32740,GLNALKKVFQGIHEAIKLINKHVQ,False
32739,GLNALKKVFQGIHKAIKLINNHVQ,False
21484,GLPALILWIKRKRQQ,False
54553,GLPCAESCVFIPCTITAILGCSCRDRVCYD,False
3486,GLPCGESCVFIPCITTVVGCSCKNKVCYND,False
3491,GLPCGESCVFIPCITTVVGCSCKNKVCYNN,False
23842,GLPICGETCVGGTCNTPGCFCTWPVCTRN,False
8564,GLPICGETCVGGTCNTPGCSCSWPVCTRN,False
34337,GLPKCGETCVGGTCNTPGCTCSWPVCTRN,False
23758,GLPLCGETCVGGTCNTPGCSCGWPVCVRN,False
14736,GLPTCGETCFGGTCNTPGCSCSSWPICTRN,False
34816,GLPTCGETCFGGTCNTPGCTCDPWPICTRD,False
8556,GLPTCGETCFGGTCNTPGCTCDPWPVCTHN,False
23075,GLPTCGETCFKGKCYTPGCSCSYPICKKN,False
23840,GLPTCGETCTLGKCNTPKCTCNWPICYKD,False
23841,GLPTCGETCTLGKCNTPKCTCNWPICYKN,False
3463,GLPTCGETCTLGTCYVPDCSCSWPICMKN,False
34338,GLPVCGDTCVGGTCNTPGCTCSWPVCTRN,False
34339,GLPVCGEKCVGGTCNTPGCTCSWPVCTRN,False
14740,GLPVCGETCAFGSCYTPGCSCSWPVCTRN,False
39020,GLPVCGETCAGGRCNTPGCSCSWPVCTRN,False
21608,GLPVCGETCAGGTCNTPGCSCSWPICTRN,False
54546,GLPVCGETCAGGTCNTPGCSCTWPICTRN,False
14741,GLPVCGETCFGGRCNTPGCTCSYPICTRN,False
54547,GLPVCGETCTIGTCYTAGCTCSWPICTRN,False
14743,GLPVCGETCFGGTCNTPGCICDPWPVCTRN,False
39023,GLPVCGETCFGGTCNTPGCSCDPWPVCTRN,False
14745,GLPVCGETCFGGTCNTPGCSCETWPVCSRN,False
14746,GLPVCGETCFGGTCNTPGCSCSYPICTRN,False
4582,GLPVCGETCFGGTCNTPGCSCTWPICTRD,False
21609,GLPVCGETCFGGTCNTPGCTCDPWPVCTRN,False
14748,GLPVCGETCFGGTCNTPGCTCSYPICTRN,False
23843,GLPVCGETCFTGSCYTPGCSCNWPVCNRN,False
34340,GLPVCGETCKGGTCNTPGCTCSWPVCTRN,False
14751,GLPVCGETCTLGTCYTQGCTCSWPICKRN,False
34341,GLPVCGETCVGGTCKTPGCTCSWPVCTRN,False
34342,GLPVCGETCVGGTCNKPGCTCSWPVCTRN,False
13782,GLPVCGETCVGGTCNTPGCACSWPVCTRN,False
13784,GLPVCGETCVGGTCNTPGCGCSWPVCTRN,False
34343,GLPVCGETCVGGTCNTPGCKCSWPVCTRN,False
34347,GLPVCGETCVGGTCNTPGCNCSWPVCTRK,False
13767,GLPVCGETCVGGTCNTPGCSCSRPVCTAN,False
23844,GLPVCGETCVGGTCNTPGCSCSWPVCFRN,False
14752,GLPVCGETCVGGTCNTPGCSCSWPVCTRN,False
34346,GLPVCGETCVGGTCNTPGCTCSKPVCTRN,False
34344,GLPVCGETCVGGTCNTPGCTCSWPKCTRN,False
34348,GLPVCGETCVGGTCNTPGCTCSWPVCTKN,False
34345,GLPVCGETCVGGTCNTPGCTCSWPVCTRK,False
5263,GLPVCGETCVGGTCNTPGCTCSWPVCTRN,False
6168,GLMDTIKGVAKNVAASLLEKLKCKVTGC,False
6949,GLMDTIKGVAKTVAASWLDKLKCKITGC,False
5259,GLMDTVKNAAKNLAGQLLDRLKCKITGC,False
4813,GLMDTVKNAAKNLAGQLLDTIKCKMTGC,False
17268,GLMDTVKNAAKNLAGQMLDKLKCKITGSC,False
7049,GLMDVFKGAAKNLLASALDKIRCKVTKC,False
7146,GLMSLFKGVLKTAGKHIFKNVGGSLLDQAKCKITGEC,False
5702,GLMSLFRGVLKTAGKHIFKNVGGSLLDQAKCKITGEC,False
17269,GLMSVLKGVLKTAGKHIFKNVGGSLLDQAKCKISGQC,False
4928,GLMSVLKGVLKTAGKHIFKNVGGSLLDQAKCKITGQC,False
6904,GLMSVTKGVLKTAGKHIFKNVGGSLLDQAKCKISGQC,False
5119,GLRDKIKNVAIDVAKGAGTGVLKALLCQLDKSC,False
32278,GKVLDKFGKIVGKVLKQLKKVSAVAKV,False
5101,GKVWDWIKSAAKKIWSSEPVSQLKGQVLNAAKNYVAEKIGATPT,False
6938,GKVWDWIKSTAKKLWNSEPVKELKNTALNAAKNLVAEKIGATPS,False
5531,GLRSKIWLWVLLMIWQESNKFKKM,False
21480,GLSALISWIKRKRQQ,False
14760,GLVPCGETCFTGKCYTPGCSCSYPICKKN,False
26943,GLVTGLLKTAGKLLGDLFGSLSG,False
5754,GLVTSLIKGAGKLLGGLFGSVTGGQS,False
5121,GLWDSIKNFGKTIALNVMDKIKCKIGGGCPP,False
4746,GLWDTIKQAGKKFFLNVLDKIRCKVAGGCRT,False
5897,GLWNTIKEAGKKFAINVLDKIRCGIAGGCKT,False
5753,GLWNTIKEAGKKFALNLLDKIRCGIAGGCKG,False
6725,GLWSKIKEAAKAAGKAALNAVTGLVNQGDQPS,False
5001,GLWSKIKEAAKTAGLMAMGFVNDMV,False
5009,GLWSKIKTAGKSVAKAAAKAAVKAVTNAV,False
6714,GKWMSLLKHILK,False
6059,GMATKAGTAFGKAAKAIIGAAL,False
23074,GKYTCGETCFKGKCYTPGCTCSYPICKKD,False
19242,GLADYWRTAFRANFANLGPGIRCKSARC,False
6301,GMWSKILGHLIR,False
6288,GRDYRTCLTIVQKLKKMVDKPTQRSVSNAATRVCRTGRSRWRDVCRNFMRRYQSRVTQGLVAGETAQQICEDLR,False
4076,GRFKRFRKKFKKLFKKLSPVIPLLHL,False
5241,GRFKRFRKKFKKLFKKLSPVIPLLHLG,False
4204,GRWKRWRKKWKKLWKKLS,False
3462,GSAFCGETCVLGTCYTPDCSCTALVCLKN,False
4801,GRRKRKWLRRIGKGVKIIGGAALDHL,False
46287,GSAIACGESCFKFKCYTPGCSCSYPICKKD,False
46280,GSIPCGESCVYIPCISSLLGCSCKSKVCYKD,False
13779,GSIPCGESCVFIPCISSVIGCACKSKVCYKN,False
8555,GSIPACGESCFKGKCYTPGCSCSKYPLCAKN,False
14811,GSIPCAESCVYIPCFTGIAGCSCKNKVCYYN,False
14812,GSIPCAESCVYIPCITGIAGCSCKNKVCYYN,False
13776,GSIPCEGSCVFIPCISAIIGCSCSNKVCYKN,False
23859,GSIPCGESCVFIPCISAIIGCSCSNKVCYKN,False
13780,GSIPCGESCVFIPCISAIIGCSCSSKVCYKN,False
13786,GSIPCGESCVFIPCISAVIGCSCSNKVCYKN,False
13777,GSVFNCGETCVLGTCYTPGCTCNTYRVCTKD,False
8563,GSVLNCGETCLLGTCYTTGCTCNKYRVCTKD,False
23860,GTLPCGESCVWIPCISSVVGCACKSKVCYKD,False
51999,GTFLYA,False
52000,GTFLYT,False
52001,GTFLYV,False
14829,GTFPCGESCVFIPCLTSAIGCSCKSKVCYKN,False
14830,GTFPCGESCVWIPCISKVIGCACKSKVCYKN,False
14832,GTIPCGESCVFIPCLTSALGCSCKSKVCYKN,False
34883,GTPCGESCVYIPCISGVIGCSCTDKVCYLN,False
3487,GTVPCGESCVFIPCITGIAGCSCKNKVCYID,False
3488,GTVPCGESCVFIPCITGIAGCSCKNKVCYIN,False
4831,GVFGLLAKAALKGASKLIPHLLPSRQQ,False
5792,GVFLDALKKFAKGGMNAVLNPK,False
3489,GVPCAESCVWIPCTVTALLGCSCKDKVCYLD,False
18831,GVPCAESCVWIPCTVTALLGCSCKDKVCYLN,False
39135,GVPCAESCVYIPCTITALFGCSCKDKVCYNN,False
8559,GVPCGESCVFIPCITGVIGCSCSSNVCYLN,False
54552,GVPCGESCVYIPCITSVIGCSCSSKVCYIN,False
23103,GVIPCGESCVFIPCINKKKCSCKNKVCYRD,False
39122,GVIPCGESCVFIPCISSVIGCSCKNKVCYRN,False
21368,GVIPCGESCVFIPCISSVLGCSCKNKVCYRD,False
39123,GVIPCGESCVFIPCISSVVGCSCKNKVCYRN,False
46282,GVIPCGESCVFIPCISSVVGCTCKNKVCYRD,False
46281,GVIPCGESCVFIPCISSVVGCTCKNKVCYRN,False
4609,GVIPCGESCVFIPCISTLLGCSCKNKVCYRN,False
34894,GVIPCGESCVFIPCISTVIGCSCKNKVCYRN,False
54559,GVIPCGESCVFIPCITAAVGCSCKNKVCYKN,False
54551,GVIPCGESCVFIPCITAAVGCSCKNKVCYRD,False
6354,GVLDIFKDAAKQILAHAAEKQI,False
6633,GVLDILKNAAKNILAHAAEQI,False
6295,GVLDTLKNVAIGVAKGAGTGVLKALLCQLDKSC,False
14856,GVPICGETCTLGTCYTAGCSCSWPVCTRN,False
6652,GVWSTVLGGLKKFAKGGLEAIVNPK,False
52002,GVGFYI,False
17272,GVGKFLHSAKKFGQALASEIMKS,False
17273,GVGKFLHSAKKFGQALVSEIMKS,False
7114,GVSKILHSAGKFGKAFLGEIMKS,False
7044,GVVDILKGAAKDLAGHLATKVMNKL,False
5253,GVVDILKGAGKDLLAHLVGKISEKV,False
6894,GVWTTILGGLKKFAKGGLEALTNPK,False
5937,GWASSIGSILGKFAKGGAQAFLQPK,False
6542,GVVTDLLKTAGKLLGNLVGSLSG,False
13773,GVVTDLLNTAGGLLGNLVGSLSG,False
5616,GVWSTILGGLKKFAKGGLDAIVNPK,False
21453,GWGSFFKKAAAVGKAVGKAALTAYL,False
21451,GWGSFFKKAAHVAKHVAKAALTHYL,False
32306,GWGSFFKKAAHVAKHVGKAALTHYL,False
32307,GWGSFFKKAAHVGKHVAKAALTHYL,False
4074,GWGSFFKKAAHVGKHVGKAALTHYL,False
28586,GWGSFFKKAAHVGKHVGKAALTHYLG,False
28589,GWGSFFKKAAHVGKHVGKAALTHYL~,False
6917,GWGSIFKHGRHAAKHIGHAAVNHYL,False
23788,GWKDWFRKAKKVGKTVGGLALNHYL,False
5571,GWKKWFNRAKKVGKTVGGLAVDHYL,False
5737,GWKKWFTKGERLSQRHFA,False
4097,GWKKWLRKGAKHLGQAAIK,False
5086,GWKKWLRKGAKHLGQAAIKGLAS,False
6898,GWKSVFRKAKKVGKTVGGLALDHYL,False
6890,GWLPTFGKILRKAMQLGPKLIQPI,False
6552,GWMSEKKVQGILDKKLPEGIIRNAAKAIVHKMAKNQFGCFANVDVKGDCKRHCKAEDKEGICHGTKCKCGVPISYL,False
54535,GWVPLWP,False
52003,GYAFA,False
58743,GWRKWIKKHVGKHIGKAALDAYI,False
5546,GWRTLLKKAEVKTVGKLALKHYL,False
6038,GYGCPFNQYQCHSHCSGIRGYKGGYCKGTFKQTCKCY,False
5747,GYGGHGGHGGHGGHGGHGGHGHGGGGHG,False
5631,GVLGTVKNLLIGAGKSAAQSVLKTLSCKLSNDC,False
23836,GYPICGESCVGGICNIPGCSCSWPVCTTN,False
23835,GYPICGESCVGGTCNTPGCSCSWPVCTTN,False
21449,HAEHKVKIKVKQKYGQFPQGTEVTYTCSGNYFLM,False
58738,HALWKNMLKGIGKLAGKAALGAVKKLVGAES,False
3460,HEPCGESCVFIPCITTVVGCSCKNKVCYD,False
3461,HEPCGESCVFIPCITTVVGCSCKNKVCYN,False
5299,HFLGTLVNLAKKIL,False
27193,HFLKTLVNLAKKIL,False
37197,HFLLKLVNLAKKIL,False
37199,HFLLTLVKLAKKIL,False
37255,HYRIKPTFRRLKWKYKGKFW,False
37213,ICYCRRRFCVCVGR,False
6389,IDWKKLLDAAKQIL,False
3383,IDWKKVDWKKVSKKTCKVMLKACKFLG,False
5462,IDWLKLGKMVIDAL,False
5125,IDWLKLGKMVMDVL,False
14948,ICGETCVGGTCNTPGCSCSWPVCTRNGLP,False
6099,IFGAIAGLLKNIF,False
6902,IFGAILPLALGALKNLIK,False
6666,IFGAIWKGISSLL,False
19553,IGKKFKRIVKRIKKWLRKL,False
19544,IGKKFKRIVQRIKDFLRNL,False
19545,IGKKFKRIVQRIKKFLRNL,False
19552,IGKKWKRIVKRIKKFLRKL,False
19550,IGKLFKRIVKRILKFLRKL,False
19548,IGKLFKRIVQRIKKFLRNL,False
19549,IGKLFKRIVQRILKFLRNL,False
4580,IIGAIAAALPHVINAIKNTF,False
5305,IIPLPLGYFAKKT,False
5189,IIGPVLGLVGSALGGLLKKI,False
32419,IISTIGDLVKWIIKTV,False
32418,IISTIGKLVKWIIDTV,False
32420,IISTIGKLVKWIIKTV,False
6816,IKIMDILAKLGKVLAHV,False
58696,IKIMDILAKLGKVLAHVG,False
58695,IKIMDILAKLGKVLAHV~,False
6341,IKIPAFVKDTLKKVAKGVISAVAGALTQ,False
6124,IKIPAVVKDTLKKVAKGVLSAVAGALTQ,False
5727,IIGPVLGMVGSALGGLLKKI,False
5728,IKIPSFFRNILKKVGKEAVSLIAGALKQS,False
4857,IKITTMLAKLGKVLAHV,False
58699,IKITTMLAKLGKVLAHVG,False
58700,IKITTMLAKLGKVLAHV~,False
6963,IKLSPETKDNLKKVLKGAIKGAIAVAKMV,False
7388,ILGIITSLLKSL,False
5489,ILGKILEGIKSLF,False
6810,ILGKILKGIKKLF,False
6455,ILGKIWEGIKSLF,False
5785,ILGKIWKGIKSLF,False
26984,ILGKLLKTAAGLLSNL,False
26987,ILGKLLKTAAKLLSNL,False
26964,ILGKLLSTAAGLLKNL,False
26986,ILGKLLSTAAGLLSKL,False
5997,ILGKLLSTAAGLLSNL,False
32088,ILGKLLSTAAKLLSKL,False
26985,ILGKLLSTAAKLLSNL,False
40521,ILGKLLSTAWGLLSKL,False
40520,ILGKLLSTAWGLLSNL,False
40519,ILGKLLSTWAGLLSNL,False
40518,ILGKLLSWAAGLLSNL,False
5874,ILGPVIKTIGGVIGGLLKNL,False
5027,ILGPVISKIGGVLGGLLKNL,False
5746,ILGPVISTIGGVLGGLLKNL,False
6781,ILGPVLGLVGNALGGLIKKI,False
7161,ILGPVLGLVGNALGGLIKKL,False
18438,ILGPVLGLVGSALGGLLKKI,False
18815,ILGPVLGMVGSALGGLLKKI,False
6924,ILGPVLSLVGSALGGLIKKI,False
6879,ILGPVLSMVGSALGGLIKKI,False
54536,ILGSIILG,False
26963,ILKKLLSTAAGLLSNL,False
19551,ILKLFKRIVKRILKFLRKL,False
6818,ILGTILGLLKSL,False
17426,ILPFKFPFFPFRR,False
17279,ILPIIGKILSTIFGK,False
17280,ILPILSLIGGLL,False
21398,ILPKKKPWWPWRR,False
21405,ILPKKWPKLPWRR,False
21395,ILPLKLPLLPLRR,False
21397,ILPLKLPWWPWRR,False
21881,ILPLKWPWWPWRR,False
21406,ILPWKKPKLPWRR,False
21882,ILPWKLPWWPWRR,False
32365,ILPWKWKFFPWRR,False
31669,ILPWKWKWWPWRR,False
32175,ILPWKWPFFPWRR,False
21399,ILPWKWPLLPWRR,False
21883,ILPWKWPLWPWRR,False
21407,ILPWKWPWLPWKK,False
21393,ILPWKWPWLPWRR,False
21403,ILPWKWPWLPYRR,False
21394,ILPWKWPWWPLRR,False
4116,ILPWKWPWWPWRR,False
21400,ILPWKWPYLPWRR,False
4777,ILQKAVLDCLKAAGSSLSKAAITAIYNKIT,False
5346,INIKDILAKLVKVLGHV,False
7045,INVLGILGLLGKALSHL,False
58691,INVLGILGLLGKALSHLG,False
58692,INVLGILGLLGKALSHL~,False
58694,INIKDILAKLVKVLGHVG,False
58693,INIKDILAKLVKVLGHV~,False
4603,INLKAITALAKKLL,False
5642,INLKALAALAKKIL,False
58686,INLKALAALAKKILG,False
23685,INLKALAALAKKIL~,False
6944,INWKGIAAMAKKLL,False
6180,INWLKLGKAIIDAL,False
19458,INWLKLGKKILGAI,False
7129,INWLKLGKKMMSAL,False
7061,INWLKLGKMVIDAL,False
6735,IPPFIKKVLTTVF,False
6559,IPCGESCVWIPCISGMFGCSCKDKVCYS,False
6943,IPCGESCVWIPCITAIAGCSCKNKVCYT,False
42930,IPCGESCVYIPCISAVLGCSCQNKVCYR,False
32598,ISLNPPRSTIAMRAINNYRWRSKNQNTFLR,False
5168,IWLTALKFLGKHAAKHLAKQQLSKL,False
19614,IWRIFRRIF,False
19615,IWRIFRRIFRIF,False
19616,IWRIFRRIFRIFIRF,False
42950,IVSMECKTIVSQYGEMIWDLLVSGVRPDQVCSQAGLCFVDGAQHVSSNIKTVVERETEGSSVGEAPLCTACEMAVVWMQNQLKQEGTKEKVIEYVNQLCEKIPSP,False
32341,KAKLFKKIPKFLHLWKKF,False
6308,KAVAAKKSPKKAKKPATPKKAAKSPKKVKKPAAAAKKAAKSPKKATKAAKPKAAKPKAAKAKKAAPKKK,False
27416,KESRAKKFQRQHMDSDSSPSSSSTYSNQMMRRRNMTQGRSKPVNTFVH,False
19600,KFAKKFKWFAKAAFKFFKK,False
21523,KFFKFFKFF,False
32277,KFGKIVGKVLKQLKKVSAVAKVAMKKG,False
32828,KFHHIFRGIVHVGKTIHRLVTG,False
23144,KFKLKQ,False
17188,KFKSFIKKLTSKFLHSAKKF,False
165,KICCPRTIDRNIYNACRLTGASMTNCANLSGCKIVSGTTCPPGYTH,False
166,KICCPSNQARNGYSVCRIRFSKGRCMQVSGCQNSDTCPRGWVN,False
15178,KICCPTKDDRSVYFVCMLSVSSQFYCLLKSKCKNTSQTICPPGYTN,False
15182,KICRRRSAGFKGPCMSNKNCAQVCQQEGWGGGNCDGPFRRCKCIRQC,False
15184,KIGAKIKIGAKIKIGAKI,False
32340,KIKLFKKWPKFLHLAKKF,False
17471,KILRGVCKKIMRTFLRRISKDILTGKK,False
31443,KILRGVSKKIMRTFLRRILTGKK,False
31486,KILRGVSKKIMRTFLRRISKDILTGKK,False
32374,KKFLHSAKKWLKAFVKLFKNW,False
21538,KKFLHSAKKWLKAFVKLKKNW,False
32253,KISKKIMRTFLRRILTGKK,False
32137,KKKKKKAAAFAAAAAFAAWAAFAAA,False
32209,KKKKKKAAFALWAAFAA,False
32210,KKKKKKAAFALWLAFAA,False
32216,KKKKKKAAFALWLAFLA,False
32211,KKKKKKAAFLAWALFAA,False
32213,KKKKKKALFAAWAAFLA,False
32215,KKKKKKALFALWLAFAA,False
20134,KKKKKKALFALWLAFLA,False
21527,KKKKKKKKKKKKKKKKKKKKGIGKFLHSAKKFGKAFVGEIMNS,False
32214,KKKKKKLLFAAWAAFAA,False
31572,KKKKLFKLLQ,False
32339,KKKLFWKIPKFLHLAKKF,False
4252,KKKLLLLLLLLLKKK,False
17428,KKLALALAKKWLALAKKLALALAKK,False
17455,KKLALALAKKWLPLAKKLALALAKK,False
17451,KKLALHALKKWLHALKKLAHLALKK,False
17439,KKLALLALKKWLLALKKLALLALKK,False
17430,KKLALLALKKWLPALKKLALLALKK,False
18597,KKLFKKILKFL,False
28563,KKLFKKILKFLG,False
28602,KKLFKKILKFL~,False
27297,KKLFKKILKKL,False
27747,KKLFKKILKVL,False
28565,KKLFKKILKVLG,False
28595,KKLFKKILKVL~,False
32234,KKLFKKILKWL,False
33174,KKLFKKILKYLAGPALYKLIKKFLKKKDEL,False
7352,KKLFKKILKYL,False
33168,KKLFKKILKYLAGPAKKLFKKILKYL,False
33171,KKLFKKILKYLAGPAKKLFKKILKYLAGPA,False
33177,KKLFKKILKYLAGPAKKLFKKILKYLAGPAKDWEHLKDWEHLKDWEHLKDEL,False
33179,KKLFKKILKYLAGPAKKLFKKILKYLAGPAKKLFKKILKYL,False
33180,KKLFKKILKYLAGPAKKLFKKILKYLAGPAKKLFKKILKYLKDEL,False
33173,KKLFKKILKYLAGPAKKLFKKILKYLKDEL,False
33189,KKLFKKILKYLGIGAVLKVLTTGLKDEL,False
33167,KKLFKKILKYLKKLFKKILKYL,False
33172,KKLFKKILKYLKKLFKKILKYLKDEL,False
33178,KKLFKKILKYLKKLFKKILKYLKKLFKKILKYL,False
33190,KKLFKKILKYLTTGLPALISAGPASILAPLGTTLYKLIKKFLKKKDEL,False
33183,KKLFKKILKYLTTGLPALISW,False
33187,KKLFKKILKYLTTGLPALISWKDEL,False
18599,KKLIKKILKIL,False
19440,KKLLKKLLKWL,False
5447,KKLLKWLKKLL,False
19353,KKLLKWLLKLL,False
21904,KLALKLALKALKAALKLA,False
32138,KKAAAAFAAFAAWFAAFAAAAKKKK,False
17484,KKALAHALKKWLPALKKLAHALAKK,False
17461,KKALAKALKHWLPALHKLAKALAKK,False
19659,KLKKLLKKWLKLLKKLLK,False
21419,KLKLKFKLKQ,False
31491,KLKLKLKQ,False
21488,KLKLLKLLKLLKLLK,False
23846,KLCGETCFKFKCYTPGCSCSCSYPFCK,False
21369,KLCGETCFKFKCYTPGCSCSYPFCK,False
32366,KLFKRHLKWKII,False
31658,KLLKKFKKLQ,False
32330,KLLKKLLKLWKKLLKKLK,False
19439,KLLKKLLKWLK,False
40417,KLLKLLLKLLKLLLKLLLKLLK,False
40414,KLLKLLLKLLLKLLK,False
32331,KLLKLLLKLWKKLLKLLK,False
32332,KLLKLLLKLWLKLLKLLL,False
19436,KLLKWLKKLLK,False
58737,KLLLK,False
31661,KLLLKFKKLQ,False
40416,KLLLKLLKLLLKLLLKLLK,False
58740,KLLLKLLLK,False
21420,KLLLKLWLKLLK,False
21418,KLKFKLKQ,False
15248,KNIGNSVSCLRNKGVCMPGKCAPKMKQIGTCGMPQVKCCKRK,False
32195,KNLRRIIRKGIHIIKKYF,False
15262,KNLRRIIRKGIHIIKKYG,False
15268,KNLRRIIRKIIHIIKKYG,False
41214,KNWKGIAGMAKKLLGENWELM,False
41215,KNWKGIAGMAKKLLGENWKLM,False
41216,KNWKGIAGMAKKLLGKNW,False
41217,KNWKGIAGMAKKLLGKNWELMEK,False
41218,KNWKGIAGMAKKLLGKNWELMKK,False
41067,KNWKGIAGMAKKLLGKNWKLM,False
41219,KNWKGIAGMAKKLLGKNWKLMKK,False
41220,KNWKKIAGMAKKLLKKNWKLM,False
27421,KPKDMTSSQWFKTQHVQPSPQASNSAMSIINKYTERSKDLNTFLH,False
18151,KPKGMTSSQWFKIQHMQPSPQASNSAMKNINKHTKRSKDLNTFLH,False
5110,KNLRRITRKIIHIIKKYG,False
18834,KNLRRITRKIIHIIKKYGPTILRIIRIIG,False
27417,KPPQFTWAQWFETQHINMTSQQSTNAMQVINNYQRRSKNQNTFLL,False
32381,KQLIRFLKRLDRNLWGLA,False
32275,KQLKKVSAVAKVAMKKGAALLKKMGVK,False
4250,KRFKKFFKKLK,False
4185,KRFKKFFKKLKNSVKKRAKKFFKKPKVIGVTFPF,False
37265,KRFKKFFKKPK,False
21137,KRFWPLVPVAINTVAAGINLYKAIRRK,False
6369,KRFWQLVPLAIKIYRAWKRR,False
4248,KRAKKFFKKLK,False
4249,KRAKKFFKKPK,False
15284,KQTENLADTY,False
15299,KRLFKELKFSLRKY,False
15301,KRLFKELLFSLRKY,False
15303,KRLFKKLKFSLRKY,False
168,KSCCKDTLARNCYNTCHFAGGSRPVCAGACRCKIISGPKCPSDYPK,False
170,KSCCKNTTGRNCYNACHFAGGSRPVCATACGCKIISGPTCPRDYPK,False
15316,KSCCKNTTGRNCYNACRFAGGSRPVCATACGCKIISGPTCPRDYPK,False
5048,KSCCKSTLGRNCYNLCRARGAQKLCANVCRCKLTSGLSCPKDFPK,False
15318,KSCCPBTTGRBIYBTCRFGGGSRZVCARISGCKIISASTCPSYPBK,False
4689,KSCCPNTTGRNIYNACRLTGAPRPTCAKLSGCKIISGSTCPSDYPK,False
15319,KSCCPNTTGRNIYNTCRFAGGSRERCAKLSGCKIISASTCPSDYPK,False
15321,KSCCPNTTGRNIYNTCRFGGGSREVCASLSGCKIISASTCPSYPDK,False
15323,KSCCPNTTGRNIYNTCRLGGGSRERCASLSGCKIISASTCPSDYPK,False
15325,KSCCPSTTARNIYNTCRLTGASRSVCASLSGCKIISGSTCDSGWNH,False
15326,KSCCPSTTARNIYNTCRLTGTSRPTCASLSGCKIISGSTCBSGWBH,False
15327,KSCCPTTAARNQYNICRLPGTPRPVCAALSGCKIISGTGCPPGYRH,False
13770,KSCCPTTTARNIYNTCRFGGGSRPVCAKLSGCKIISGTKCDSGWNH,False
15328,KSCCRNTLARNCYNACRFTGGSQPTCGILCDCIHVTTTTCPSSHPS,False
5726,KSCCRNTWARNCYNVCRLPGTISREICAKKCDCKIISGTTCPSDYPK,False
5025,KSCCRSTLGRNCYNLCRARGAQKLCAGVCRCKISSGLSCPKGFPK,False
4093,KSKEKIGKEFKRIVQRIKDFLRNLVPRTES,False
15333,KSCCRTTLGRNCYNLCRSRGAQKLCSTVCRCKLTSGLSCPKGFPK,False
34119,KSTVGQKLKKKLNQAVDKVKEVLNKSEYMCPVVSSFCKQHCARLGKSGQCDLLECIC,False
6536,KSTVGQKLKKKLNQAVDKVKEVLNKSEYMCPVVSSFCKQHCARLGKSGQCDLLECICS,False
15352,KVAKQEKKKKKTGRAKRR,False
15353,KVCRQRSAGFKGPCVSDKNCAQVCLQEGWGGGNCDGPFRRCKCIRQC,False
27251,KVLKAAAKAALNAVLVGANA,False
19338,KWFKKIPKFLHLLKKF,False
32230,KWKEFLKTFKEAKKEVLHTALKAISS,False
32263,KWKKLLKKLLKLLKKLLKKLKKLLK,False
29307,KWKKFKKIGAVLKVL,False
32305,KWKKLLKKLLKLL,False
32267,KWKKLLKKLLKLLKKLL,False
32239,KWKKLLKKLLKLLKKLLK,False
32265,KWKKLLKKLLKLLKKLLKKLK,False
32264,KWKKLLKKLLKLPKKLLKKLKKLLK,False
32362,KWKKLLKKLLPLLKKLLK,False
32266,KWKKLLKKLLPLLKKLLKKLK,False
32363,KWKKLLKKPLKLLKKLLK,False
33291,KWKLFKKIAKKFAKAFVAEIM,False
40426,KWKLFKKIEKVGQNIRDGIIKAGPAVAWVGQATQIAK,False
27249,KWKLFKKIFKCWRWQWRWKKLGA,False
18836,KWKLFKKIFKRIVQRIKDFLR,False
4117,KWKLFKKIGAVLKVL,False
6591,KWKLFKKIGIGAVLKVLTTG,False
15378,KWKLFKKIGIGAVLKVLTTGLPALKLTK,False
29308,KWKLFKKIGKVLKVL,False
19331,KWKLFKKILKFLHLAKKF,False
19341,KWKLFKKIPFLHLAKKF,False
19342,KWKLFKKIPKFLHLAKK,False
6912,KWKLFKKIPKFLHLAKKF,False
19332,KWKLFKKISKFLHLAKKF,False
17198,KWKSFIKKLASKFLHSAKKF,False
17199,KWKSFIKKLLSKFLHSAKKF,False
15389,KWKSFIKKLTSAAKKVVTTAKPLISS,False
17186,KWKSFIKKLTSKFLHLAKKF,False
32333,KWKSFLKKLTSAAKKVLTTALKPISS,False
19606,KWKSFLKTFKSAAKTVLHTALKAISS,False
32233,KWKSFLKTFKSAKKKVLHKALKAISK,False
32232,KWKSFLKTFKSAKKKVLHKALKAISS,False
32231,KWKSFLKTFKSAKKKVLHTALKAISS,False
17214,KWKSFLKTFKSAKKTVLHTALKAISS,False
19602,KWKSFLKTFKSAKKTVLHTALKLISS,False
18168,KWKSFLKTFKSAKKTVLHTLLKAISS,False
17213,KWKSFLKTFKSAVKTVLHTALKAISS,False
19603,KWKSFLKTFKSLKKTVLHTALKAISS,False
19604,KWKSFLKTFKSLKKTVLHTALKLISS,False
18170,KWKSFLKTFKSLKKTVLHTLLKLISS,False
32337,KWKSFLKTFKSPARTVLHTALKPISS,False
32336,KWKSFLKTFKSPARTVLYTALKPISS,False
32335,KWKSFLKTFKSPVKTVFYTALKPISS,False
32334,KWKSFLKTLKSPVKTVFYTALKPISS,False
31441,KWKSFLRTFKSPVRTVFHTALKPISS,False
31440,KWKSFLRTLKSPAKTVFHTALKAISS,False
40427,KWKVFKKIEKNGRNIRNGIVKAGPAIAVLGEAKAL,False
19433,KWLKKLLKKLL,False
21439,KWLNALLHHGLNCAKGVLA,False
19619,KWLRRVWRWWR,False
31439,KWAKKWKWFAKAAWKWYKK,False
31438,KWARLWRWFRITRWLWYIK,False
31437,KWASLWNWFNITNWLWYIK,False
17483,KWCFRVCYRGICYRRC,False
4795,KWCFRVCYRGICYRRCR,False
18596,KWRRWIRWL,False
6748,KWRRWVRWI,False
37215,LCYCFRRRCVCV,False
37216,LCYCHHHFCVCV,False
37218,LCYCRRFRCVCV,False
37219,LCYCRRRFCFCV,False
32367,LCYCRRRFCVC,False
27310,LCYCRRRFCVCV,False
27308,LCYCRRRFCVCVGR,False
37222,LCYCRRRFCWCV,False
37223,LCYCRRRFCYCV,False
6914,LDVKKIICVACKIKPNPACKKICPK,False
5491,LDVKKIICVACKIRPNPACKKICPK,False
6676,LFGFLIKLIPSLFGALSNIGRNRNQ,False
6253,LFGFLIPLLPHIIGAIPQVIGAIR,False
40576,LGRVDIHVWDAVYIRGR,False
40577,LGRVDIHVWDGVYI,False
5111,LIGPVLGLVGSALGGLLKKI,False
32223,LKAKSIVSWAKKVL,False
23983,LKCNKLVPLFYKTCPAGKNL,False
4251,LKLLKKLLKKLLKLL,False
5302,LKIPGFVKDTLKKVAKGIFSAVAGAMTPS,False
22297,LKKISQRYQKFALPQY,False
58713,LKKISQRYQKFALPQYLKT,False
19441,LKKLLKKLLKW,False
19437,LKKLLKWLKKL,False
21705,LKKLLKWLLKLLK,False
32224,LKLASIVSWAKKVL,False
32236,LKLFKKILKFL,False
28566,LKLFKKILKVLG,False
28601,LKLFKKILKVL~,False
32237,LKLFKKILKYL,False
31492,LKLKLKLQ,False
19354,LKLLKWLLKLL,False
58741,LKLLLLKLLKLKLWK,False
7013,LKLSPKTKDTLKKVLKGAIKGAIAIASMA,False
32379,LKDVEEAQQKIINIIRRL,False
32226,LKLKSIVSWAKAVL,False
6079,LKLKSIVSWAKKVL,False
19434,LKWLKKLLKKL,False
19425,LKWLLKWLK,False
19426,LKWLLKWLL,False
37252,LLGDEFRKSKEKIGKEFKRIVQRIKDFLRNLVPRTES,False
4760,LLGDFFRKAREKIGEEFKRIVQRIKDFLRNLVPRTES,False
4075,LLGDFFRKSKEKIGKEFKRIVQRIKDFLRNLVPRTES,False
7232,LLGMIPLAISAISALSKL,False
5265,LLGMIPLAISAISSLSKL,False
32099,LLIILKKKWKKQAKAKSK,False
4209,LLLFLLKKRKKRKY,False
31663,LLLKKFKKLQ,False
58734,LLLKLLKLLLKLLLKLLK,False
26871,LLKKLLKKLLKKLLKK,False
19438,LLKKLLKWLKK,False
21477,LLPALISWIKRKRQQ,False
31670,LLLLKFKKLQ,False
7237,LLPIVGNLLNSLL,False
21706,LLKLLKWLLKLLK,False
19435,LLKWLKKLLKK,False
19429,LLKWLLKWLKK,False
19430,LLKWLLKWLLK,False
27011,LLQWLSKLLGRLL,False
27012,LLQWLSKLLGRWL,False
6804,LLSLALAALPKLFCLIFKKC,False
15497,LNLKALLAVAKKIL,False
5354,LNLKGIFKKVASLLT,False
26896,LNWGAFLKHFFK,False
6217,LNWGAILKHIIK,False
26898,LNWGALLKHLLK,False
26899,LNWGAWLKHWWK,False
26885,LNWKAILKHIIK,False
7153,LPFFLLSLIPSAISAIKKI,False
21492,LRLEYRRFEYRV,False
19803,LRLKKYKVPQL,False
21494,LRLKYRRFKYRV,False
21495,LRLQYRRFQYRV,False
19397,LRRLWLRANRLLRRLWLRANRL,False
13785,LSKKLICYCRIRGCKRRERVFGTCRNLFLTFVFCCS,False
6273,LTANLGISSYAAKKVIDIINTGSAVATIIALVTAVVGGGLITAGIVATAKSLIKKYGAKYAAAW,False
4932,LTCDLLSFEAKGFAANHSLCAAHCLAIGRKGGACQNGVCVCRR,False
6498,LTCEIDRSLCLLHCRLKGYLRAYCSQQKVCRCVQ,False
32372,LVQRGRFGRFLRKIRRFRPKVTITIQGSARF,False
4685,LVRGCWTKSYPPKPCFVR,False
6146,MAADIISTIGDLVKLIINTVKKFQK,False
32309,MAIVGTIIKIIKAIIDIFAK,False
58736,MAQDIISTIGDLVKWIIDTVNKFPKK,False
40560,MDFIIDIIKKIVGLFTGK,False
32308,MGIIAGIIKVIKSLIEQFTGK,False
43959,MKISQVFIFVFLLMISVAWANEAYEEESNYLSERFDADVEEITPEFRGIRCPKSWKCKAFKQRVLKRLLAMLRQHAF,False
5516,MQFITDLIKKAVDFFKGLFGNK,False
40559,MSDFVNAISEAVKAGLSADWVTMGTSIADALAKGADFILGFFN,False
40558,MSGIVEAISNAVKSGLDHDWVNMGTSIADVVAKGADFIAGFFS,False
5882,MVALLKSLERRRLMITISTMLQFGLFLIALIGLVIKLIELSNKK,False
23955,MWKWFHNVLSWWWLLADKRPARDYNRK,False
5207,NAGSLLSGWG,False
5217,NFLGTLVNLAKKIL,False
182,NICCPSIQARTFYNACLFAVGSPSSCIRNSSCLDISESTCPRGYTN,False
4950,NGVQPKY,False
4243,NGVQPKYRWWRWWRRWW,False
32997,NGVQPKYRWWRWWRRWWW,False
6844,NKGCAICSIGAACLVDGPIPDFEIAGATGLFGLWG,False
5065,NLVSGLIEARKYLEQLHRKLKNCKV,False
20821,NNLLRAIEAQQHLLQLTVWGIKQLQARILAVERYLKDQ,False
32380,NRLARHFRDIAGRVNQRL,False
40358,NWKGIAAMAKKLL,False
6621,PAAAAQAVAGLAPVAAEQ,False
25177,PALTTYGA,False
54537,PGFVF,False
54542,PGFVPFTI,False
16302,PGLGFY,False
16303,PGMGIYLPM,False
25178,PGGVLSYY,False
25179,PGGVLSYYY,False
54538,PGIVYF,False
54543,PGAAWIP,False
54539,PGVFSI,False
23837,PICKRNGLPVCGETCTLGTCYTQGCTCSW,False
23838,PICTRNGLPVCGETCFGGTCNTPGCTCTW,False
32389,PKLLKFLKWIG,False
32386,PKLLKFLSKWIG,False
32384,PKLLKKFLKKWIG,False
32387,PKLLKTFLKWIG,False
21535,PKLLKTFLSKWIG,False
32385,PKLLKTFLSKWKKIG,False
23813,PMTAIVGY,False
54540,PPIFGSL,False
25180,PPITGLMQ,False
54541,PQTGMLPI,False
25421,PNPKVFFDMTIGGQSAGRIVMEEYA,False
41582,PRRRRSSSRP,False
52004,PTFYPLIA,False
52005,PTFYPLIV,False
23839,PVCTRNGLPVCGETCVGGTCNTPGCTCSW,False
20364,PWLIAAGL,False
25181,PVPGSFG,False
42922,QAFCGETCLLGKCYTPGCSCHTGICLK,False
42931,QAFCGETCLLGTCYTPGCRCTAGICLK,False
42923,QAFCGETCVLGTCYTPGCSCNFGICLK,False
5218,QCRRLCYKQRCVTYCRGR,False
42932,QDCGETCVLGTCYTPGCSCSAYPLCV,False
27418,QDGMYQRFLRQHVHPEETGGSDRYSNLMMQRRKMTLYHSKRFNTFIH,False
27419,QDNSRYTHFLTQHYDAKPQGRDDRYSESIMRRRGLTSPSKDINTFIH,False
17429,QGWEAVAAAVASKIVGLWRNEKTELLGHECKFTVKPYLKRFQVYYKGRMWCPGWTAIRGEASTRSQSGVAGKTAKDFVRKAFQKGLLSQQEANQWLSS,False
184,QKTCCPSQSTRKEFEDCISEGNLQILCSAESGCRDTYVGYCPSGFPY,False
5071,QLPICGETCVLGGCYTPNCRCQYPICVR,False
41928,QLPICGETCVLGRCYTPNCRCQYPICVR,False
42933,QLPICGETCVLGTCYTPGCRCQYPICVR,False
42924,QLPICGETCVLGTCYTPGCSCAYPICAR,False
42925,QLPICGETCVLGTCYTPGCSCAYPICVR,False
7424,QNICPRVNRIVTPCVAYGLGRAPIAPCCRALNDLRFVNTRNLRRAACRCLVGVVNRNPGLRRNPRFQNIPRDCRNTFVRPFWWRPRIQCGRIN,False
18664,QSHLSLCRWCCNCCHNKGCGFCCKF,False
21430,QRLFQVKGRR,False
5135,QWGRRCCGWGPGRRYCRRWC,False
16464,RAGLQFPVGRLLRRLLRRLLR,False
32376,RDAKELVELFFEEIRRAL,False
16553,RCLPAGKTCVRGPMRVPCCGSCSQNKCT,False
27051,RCYCRRRFCVCVGR,False
6068,RFRLPFRRPPIRIHPPPFYPPFRRFL,False
5636,RFGRFLRKIRRFRPKVTITIQGSARFG,False
19664,RGLRRLGRKIAHGVKKYGATVLRIIRIA,False
4078,RGLRRLGRKIAHGVKKYGPTVLRIIRIA,False
4937,RGLRRLGRKIAHGVKKYGPTVLRIIRIAG,False
4946,RGGGLCYCRRRFCVCVGR,False
33133,RGCVYAYVRVRGVLVRYRRCW,False
6689,RGGRLCYCRGWICFCVGR,False
5454,RGGRLCYCRPRFCVCVGR,False
5466,RGGRLCYCRRRFCICV,False
41629,RHARHD,False
37233,RGGRLCYCRRRFCVCA,False
37234,RGGRLCYCRRRFCVCF,False
32117,RGGRLCYCRRRFCVCI,False
37235,RGGRLCYCRRRFCVCL,False
32115,RGGRLCYCRRRFCVCT,False
32633,RGGRLCYCRRRFCVCV,False
4158,RGGRLCYCRRRFCVCVGR,False
37236,RGGRLCYCRRRFCVCW,False
37237,RGGRLCYCRRRFCVCY,False
7222,RIGVLLARLPKLFSLFKLMGKKV,False
19210,RIRIRIWRIRIRICTKSIPPIC,False
5141,RKCNFLCKLKEKLRTVITSHIDKVLRPQG,False
6545,RKGWFKAMKSIAKFIAKEKLKEHL,False
5870,RIKRFWPVVIRTVVAGYNLYRAIKKK,False
19372,RLCRIVPVIRVCR,False
4205,RLCRIVVIRVCR,False
19373,RLCRIVWVIRVCR,False
37238,RLCYTRGRFTVCV,False
37239,RLCYTRGRFTVCVR,False
32255,RILRGVSRRIMRRILTGRR,False
4084,RKSKEKIGKEFKRIVQRIKDFLRNLVPRTES,False
23756,RLGDGCTR,False
4989,RLGNFFRKAKKKIGRGLKKIGQKIKDFLGNLVPRTES,False
6794,RLGNFFRKVKEKIGGGLKKVGQKIKDFLGNLVPRTAS,False
21896,RLYRKVYGRLYRKVYGRLYRKVYGRLYRKVYGRLYRKVYGRLYRKVYGRLYRKVYGRLYRKVYGKKKKKKK,False
21475,RLYRRLYRRLYRRLYRRLYRRLYRRLYRRLYR,False
32591,RPPQFTRAQWFAIQHISLN,False
7056,RPPQFTRAQWFAIQHISLNPPRCTIAMRAINNYRWRCKNQNTFLRTTFANVVNVCGNQSIRCPHNRTLNNCHRSRFRVPLLHCDLINPGAQNISNCTYADRPGRRFYVVACDNRDPRDSPRYPVVPVHLDTTI,False
33027,RPPQFTRAQWFAIQHISLNPPRSTIAMRAINNYRWRSKNQNTFL,False
18150,RPPQFTRAQWFAIQHISLNPPRSTIAMRAINNYRWRSKNQNTFLR,False
33135,RRCVYAYVRVRGVLVRYRRCW,False
33602,RRFPWWWPFRR,False
26649,RRGWALRLVLAY,False
27194,RRGWVLALVLRYGRR,False
27195,RRGWVLALYLRYGRR,False
19368,RRRCPIVVIRVCRR,False
19369,RRRLCPIVIRVCRR,False
32173,RRRRRRAAFAAWAAFAA,False
32512,RRRRRRWFWFWF,False
32511,RRRRRWFWFW,False
32566,RRSQARKCSRGNGGKIGSIRCRGGGTRLGGGSLIGR,False
19367,RRLCRIVVIRVCRR,False
19374,RRLCRIVWVIRVCRR,False
19181,RRLIWLILRLLR,False
42514,RRVIEPR,False
16736,RRWCFRVCYKGFCRYKCR,False
5480,RRWCFRVCYRGFCYRKCR,False
16738,RRWCFRVCYRGRFCYRKCR,False
21410,RRWPLKPKKWPLI,False
21409,RRWPLKPWKKPLI,False
21408,RRWPLLPWKWPLI,False
21431,RRWPWWPWKWPLI,False
6489,RRWVRRVRRWVRRVVRVVRRWVRR,False
42513,RSVSKSR,False
16752,RSTEDIIKSISGGGFLNAMNA,False
33075,RVKRVWKLVIRLVKALYKLYRAIKKK,False
33064,RVKRVWPLVIRTVIAGYNLYRAI,False
5796,RVKRVWPLVIRTVIAGYNLYRAIKKK,False
33070,RVKRVWPLVIRTVIALYNLYRAIKKK,False
33142,RWCVYAYGRVRGVLVRYRRCW,False
33144,RWCVYAYVRGRGVLVRYRRCW,False
4829,RWCVYAYVRIRGVLVRYRRCW,False
33149,RWCVYAYVRRRGVLVRYRRCW,False
33147,RWCVYAYVRSRGVLVRYRRCW,False
27170,RWCVYAYVRVAGVLVRYRRCW,False
33150,RWCVYAYVRVRGGLVRYRRCW,False
42516,RVRQNIDNPNRADTYNPRAG,False
33152,RWCVYAYVRVRGRLVRYRRCW,False
33151,RWCVYAYVRVRGSLVRYRRCW,False
33153,RWCVYAYVRVRGVGVRYRRCW,False
33157,RWCVYAYVRVRGVLGRYRRCW,False
33160,RWCVYAYVRVRGVLVRYRRCG,False
33162,RWCVYAYVRVRGVLVRYRRCR,False
33161,RWCVYAYVRVRGVLVRYRRCS,False
5855,RWCVYAYVRVRGVLVRYRRCW,False
33155,RWCVYAYVRVRGVRVRYRRCW,False
33154,RWCVYAYVRVRGVSVRYRRCW,False
33139,RWCVYGYVRVRGVLVRYRRCW,False
33140,RWCVYSYVRVRGVLVRYRRCW,False
58742,RWGKWFKKHVGKHVGKAALTAYL,False
16817,RWKIFKKIEKVGQNIRDGIVKAGPAVAVVGQAATI,False
28587,RWRSFFKKAAHRGKHVGKRARTHYLG,False
28590,RWRSFFKKAAHRGKHVGKRARTHYL~,False
30764,RWWRWWRRWWRR,False
13775,SAISCGETCFKFKCYTPRCSCSYPVCK,False
6764,SAPRGCWTKSYPPKPCK,False
5479,SAVGRHGRRFGLRKHRKH,False
5711,SDEKASPDKHHRFSLSRYAKLANRLANPKLLETFLSKWIGDRGNRSV,False
18586,SDSVVSDIICTTFCSVTWCQSNCC,False
32634,SFKKFWGGVKAIFKGARKGWK,False
18552,SFLTTVKKLVTNLAALAGTVIDTIKCKVTGGCRT,False
18988,SIFSLFKMGAKALGKTLLKQAGKAGAEYAACKATNQC,False
5750,SGTSEKERESGRLLGVVKRLIVCFRSPFP,False
4902,SIGSAFKKALPVAKKIGKAALPIAKAALP,False
6382,SIGSALKKALPVAKKIGKIALPIAKAALP,False
21470,SIGSALKKALPVAKKIGKIALPIAKAALPVAAGLVG,False
5863,SIGTAVKKAVPIAKKVGKVAIPIAKAVLSVVGQLVG,False
5577,SILPTIVSFLSKVF,False
18989,SILSLFKMGAKALGKTLIKQAGKAGAEYVACKATNQC,False
6204,SILSTLKDVGISAIKSAGSGVLSTLLCKLNKNC,False
6380,SIPCGESCVFIPCTVTALLGCSCKSKVCYKN,False
4629,SIRDKIKTIAIDLAKSAGTGVLKTLICKLDKSC,False
8561,SISCGESCAMISFCFTEVIGCSCKNKVCYLN,False
27274,SISCKAGRVGCFASCQVQNCATGYCRGSTCVCSRCGKGTTPFNKFKIWNQLRVLVQKMVDEERA,False
33226,SKHWLWLW,False
5510,SKITDILAKLGKVLAHV,False
58697,SKITDILAKLGKVLAHVG,False
58698,SKITDILAKLGKVLAHV~,False
33170,SKKLFKKILKYLAGPAKKLFKKILKYL,False
33176,SKKLFKKILKYLAGPAKKLFKKILKYLKDEL,False
33186,SKKLFKKILKYLAGPATTGLPALISW,False
4964,SLFGTFAKMALKGASKLIPHLLPSRQQ,False
6521,SLGGVISGAKKVAKVAIPIGKAVLPVVAKLVG,False
5327,SLGNFFRKARKKIGEEFKRIVQRIKDFLQHLIPRTEA,False
19240,SLLGTVKDLLIGAGKSAAQSVLKGLSCKLSKDC,False
4883,SLFSIFKTAAKFVGKNLLKQAGKAGLETLACKAKNEC,False
7144,SLLSLIRKLIT,False
7132,SLWENFKNAGKQFILNILDKIRCRVAGGCRT,False
4568,SLWETIKNAGKGFILNILDKIRCKVAGGCKT,False
7085,SLWETIKNAGKGFIQNILDKIR,False
26748,SMLKVLKNLGKVGLGFVACKINKQC,False
26751,SMLSVLKKLGKVGLGFVACKINKQC,False
26753,SMLSVLKNLGKVGLGFVACKIKKQC,False
26754,SMLSVLKNLGKVGLGFVACKINKKC,False
7031,SMLSVLKNLGKVGLGFVACKINKQC,False
26739,SMLSVLKNLGKVGLGFVASKINKQS,False
26752,SMLSVLKNLGKVGLGFVKCKINKQC,False
5083,SMWSGMWRRKLKKLRNALKKKLKGE,False
37283,SRWRDVARNFMRRYQSRVIQGLVA,False
19512,SVIGCEICEWLVATAEGFVNKTKPQIEQELLQICAKLGPYEQICDQLVLMELPDIIDQIIAKEPPAIVCSQVKICNG,False
37284,SVSNAATRVARTGRSRWRDVARNFMR,False
41071,SVSNAATRVCRTGRSRWRDVCRNFMR,False
28588,SWSSFFKKAAHSGKHVGKSASTHYLG,False
28591,SWSSFFKKAAHSGKHVGKSASTHYL~,False
32229,SWKSFLKTFSSAKSTVLHTALKAISS,False
7093,SWKSMAKKLKEYMEKLKQRA,False
7767,SWLRDIWDWACEVLSDFK,False
7770,SWLRDIWDWECEVLSDFK,False
7768,SWLRDIWDWGCEVLSDFK,False
7761,SWLRDIWDWICELLSDFK,False
4344,SWLRDIWDWICEVLSDFK,False
7771,SWLRDIWDWKCEVLSDFK,False
7764,SWLRDIWDWLCELLSDFK,False
7760,SWLRDIWDWLCEVLSDFK,False
7769,SWLRDIWDWSCEVLSDFK,False
7766,SWLRDIWDWVCEVLSDFK,False
7763,SWLRDLWDWICELLSDFK,False
7759,SWLRDLWDWICEVLSDFK,False
7765,SWLRDLWDWLCELLSDFK,False
7762,SWLRDLWDWLCEVLSDFK,False
40428,SWLSKTAKKLENSAKKRISEGIAIAQGPR,False
34352,TCGETCFGGTCNTPGCTCDPWPICTDRGLP,False
37244,TCYCRRRFCVCVGR,False
32590,TIAMRAINNYRWRSKNQNTFLR,False
19005,TLKIIVKIVKYLV,False
19002,TLKIIVKVVKYLV,False
19003,TLKIVVKVVKYLV,False
27250,TLLKKVLKAAAK,False
8913,TLLKKVLKAAAKAALNAVLVGANA,False
58735,TQTVYEWCGVATQLLAAYILL,False
13766,TPCGESCVYIPCISGVIGCSCTDKVCYLN,False
5440,TSRCIFYRRKKCS,False
185,TTCCPSIVARSNFNVCRLPGTPEALCATYTGCIIIPGATCPGDYAN,False
5514,TTPACFTIGLGVGALFSAKFC,False
32399,TVLQTVVHKVGKTQFGCPAYQGYCDDHCQDIEKKEGFCHGFKCKCGIPMGF,False
32113,VCYCRRRFCVCVGR,False
34353,VCGETCEGGTCNTPGCSCSWPVCTRNGLP,False
16984,VCGETCFGGTCNTPGCSCTWPICTRDGLP,False
34354,VCGETCVGGTCNTPGCSCSRPVCTRNGLP,False
34355,VCGETCVGGTCNTPGCTCSWPVCTRDGLP,False
16986,VDCGANPFKVACFNSCLLGPSTVFQCADFCACRLPAG,False
41624,VDIHVWAGV,False
41622,VDIHVWDGV,False
40578,VDIHVWDGVVDIHVWDGV,False
41626,VDIHVWEGV,False
41625,VDIHVWSGV,False
41627,VEIHVWEGV,False
54517,VDKRRPIWVM,False
5623,VFQFLGKIIHHVGNFVHGFSHVF,False
31218,VFQFLGKIIKKVGNFVKGFSKVF,False
17447,VFIDILDKMENAIHKAAQAGIG,False
32276,VGKVLKQLKKVSAVAKVAMKKGAALLK,False
21842,VGTIIKIIKAIIDIFAK,False
6043,VIPFVASVAAEMMQHVYCAASKKC,False
5608,VIPFVASVAAEMQHVYCAASRKC,False
21459,VKKLVYPLKVKLYP,False
5813,VKLFPVKLFP,False
17015,VKLKVYPLKVKLYP,False
4176,VNWKKILGKIIKVVK,False
19622,VNWKKILGKSIKVSK,False
19621,VNWKKSLGKSIKVVK,False
21505,VOLFPVOLFP,False
4628,VNPIILGVLPKFVCLITKKC,False
19625,VNRKKILGKSIKVVK,False
19626,VNSKKISPKSIKVSK,False
19661,VRRFAWWWAFLRR,False
19658,VRRFGWWWGFLRR,False
32287,VRRFPWWWAFLRR,False
7196,VRRFPWWWPFLRR,False
17435,VRRRRRPR,False
32285,VRRYPWWWPYLRR,False
32274,VSAVAKVAMKKGAALLKKMGVKISPLK,False
17458,VSRRRRRRGGRRRR,False
19623,VSWKKSLGKIIKVVK,False
5717,VWPLGLVICKALKIC,False
33068,VWPLVIRTVIAGYNLYRAIKKK,False
58714,VYQHQKAMKPWIQPKTKVIPY,False
23654,VYQHQKAMKPWIQPKTKVIPYVRY,False
22306,VYQHQKAMKPWIQPKTKVIPYVRYL,False
37246,WCYCRRRFCVCVGR,False
50595,WEAKLAKALAKALAKHLAKALAKALKACEA,False
19339,WFKKIPKFLHLLKKF,False
27076,WKKVFKRLEKLFSKIWNWK,False
28567,WKLFKKILKFLG,False
28599,WKLFKKILKFL~,False
28568,WKLFKKILKKLG,False
28597,WKLFKKILKKL~,False
28569,WKLFKKILKVLG,False
28592,WKLFKKILKVL~,False
28570,WKLFKKILKWLG,False
28598,WKLFKKILKWL~,False
28571,WKLFKKILKYLG,False
28600,WKLFKKILKYL~,False
19333,WKLFKKIPKFLHLAKKF,False
5309,WLRRIGKGVKIIGGAALDHL,False
4904,WNPFKELERAGQRVRDAIISAAPAVATVGQAAAIARG,False
5654,WNPFKELERAGQRVRDAIISAGPAVATVGQAAAIARG,False
4895,WNPFKELERAGQRVRDAVISAAAVATVGQAAAIARG,False
27420,WPKRLTKAHWFEIQHIQPSPLQSNRAMSGINNYTQHSKHQNTFLH,False
27381,WSPQEEDRIIEGGI,False
23084,XKLCERPSGTWSGVCGNNNACKNQCINLEKARHGSCNYVFPAHKCICYFPC,False
23070,XWGRRCCGWGPGRRYCRRWC,False
26275,XYGRRCCNWGPGRRYCKRWC,False
27196,WVLVLRLGY,False
32377,WYSEMKRNVQRLERAIEE,False
23104,XCIGNGGRCNENVGPPYCCSGFCLRQPGQGYGYCKNR,False
32569,WLGALFKVASKVL,False
5433,WLGSALKIGAKLLPSVVGLFKKKKQ,False
5214,WLGSALKIGAKLLPSVVGLFQKKKK,False
19432,WLKKLLKKLLK,False
37248,YCYCRRRFCVCVGR,False
6495,YKQCHKKGGHCFPKEKICLPPSSDFGKMDCRWRWKCCKKGSG,False
17165,YQCGQGG,False
32238,YKLFKKILKKL,False
28593,YKLFKKILKVL~,False
148800,GFPCGESCVYLPCFTAAIGCSCKSKVCYKN,True
3982235,GLPVCGETCFGGTCNTPGCSCTWPICTRDS,True
3982233,GTLPCGESCVWIPCISSVVGCSCKSKVCYKNS,True
3982634,FFGHLFKLATKIIPSLFQR,True
3982357,YVRGMASKAGAIAGKIAKVALKALG,True
3982431,GFLDVIKHVGKAALGVVTHLINQG,True
3982430,GFLDIVKHVGKAAGKAALNAVTEMVNQG,True
3981751,GIGGKILSGLKTALKGAAKELASTYLHR,True
3982286,FLSLLPSLVSGAVSLVKKLG,True
3982262,SIGAKILGGVKTFFKGALKELASTYLQR,True
3982325,GIPCGESCVWIPCISAAIGCSCKSKVCYRNS,True
3983517,FLSSLIPSAISGLISAFKG,True
3948303,GLKDMIKNLAKEAAVKLAGAVINRFSPQPQ,True
3982237,GLPVCGETCTLGTCYTQGCTCSWPICKRNG,True
3983403,FLWSLIPSAISAVTSLIKKG,True
3982260,GIGTKILGGVKTALKGALKELASTYVNG,True
3982150,FFSLIPSLVGGLISAFKG,True
3909921,KIPCGESCVYIPCISSVLGCSCSNKVCYKD,True
3982642,GASCGETCFTGICFTAGCSCNPWPTCTRNG,True
3982000,GFKSMLAKAALKILKAVAPAAAAAIADKIG,True
3982065,GIPCGESCVFIPCISTVIGCSCKNKVCYRNH,True
3981298,FLFSLIPHAISGLISAFKG,True
3982285,FLGLLPSIVSGAVSLVKKLG,True
3982557,FWATLAKGALKLIPTIANAFSSKSK,True
3982650,LLGMIPLAISAISSLSKLG,True
3982072,FLFSLIPHAIGGLISAFKG,True
3909957,GLMSVLKKAGKHVAKNVAVSLMDSLKCKISGGC,True
3982317,IGGKILSGLKTALKGAAKELASTYLHRK,True
3982224,GLPVCGETCVGGTCNTPGCTCSWPVCTRNG,True
3982460,LLGMIPLAISAISALSKLG,True
3981309,FIGTLIPLALGALTKLFKG,True
3982068,GIPCGESCVFIPCITGAIGCSCKSKVCYRDH,True
391612,GIGAVLKVLTTGLPALISWIKR,True
3982011,GIPCAESCVWIPCTVTALIGCGCSNKVCYNS,True
3982487,GIPCGESCVWIPCLTSAVGCSCKSKVCYRNS,True
3982429,GFLDVIKHVGKAAGKAALNAVTEMVNQG,True
3982316,GIGAKILGGVKTALKGALKELASTYVNG,True
138177,GLPICGETCLLGKCYTPGCSCRRPVCYKN,True
3982045,FFSLLPSLIGGLVSAIKG,True
3983645,FLSLIPHIVSGVASIAKHLG,True
3982483,GSIPCGESCVYIPCISSLLGCSCKSKVCYKNS,True
3982776,GIGAVLKVLTTGLPALINWIKRKRQQG,True
3982484,GIPCGESCVWIPCLTSTVGCSCKSKVCYRNS,True
148801,GFPCGESCVYIPCFTAAIGCSCKSKVCYKN,True
3909919,GLPCGESCVYIPCISTVLGCSCSNKVCYRN,True
3981994,ASWKVFLKNIGKAAGKAVLNSVTDMVNQG,True
129635,GLPVCGETCVGGTCNTPGCTCSWPACTRN,True
3982707,GWASKIGQTLGKIAKVGLKELIQPKR,True
3909925,GIPCAESCVYIPCTVTALLGCSCSDKVCYN,True
3983026,GLWKSLLKNVGKAAGKAALNAVTDMVNQG,True
3981997,GVGSLLAKAALKILKIVAPAAAEVIANKIG,True
3982331,FLFSLIPSAISGLISAFKG,True
148839,IPCGESCVWLPCISSAIGCSCKSKVCYRNG,True
3982427,GFLDVVKHIGKAALGAVTHLINQG,True
129634,GLPVCAETCVGGTCNTPGCTCSWPVCTRN,True
3982067,GIPCGESCVFIPCISSVVGCSCKSKVCYNNH,True
3983005,GIGTKILGGLKTAVKGALKELASTYVNG,True
3982027,GIPCGESCVFIPCLTTVVGCSCKNKVCYNNH,True
3982062,GIPCGESCVFIPCITGAIGCSCKSKVCYRNH,True
3981750,GIGTKILGGVKTALKGALKELASTYANG,True
3983269,FLPALAGIAGLLGKIFG,True
148781,NGLPVCGETCVGGTCNTPGCKCSWPVCTR,True
148802,GFPCGESCVYGPCFTAAIGCSCKSKVCYKN,True
3982638,FLWGLIPGAISAVTSLIKKG,True
3982024,LFGLIPSLIGGLVSAFKG,True
3982434,FFGTLFKLGSKLIPGVMKLFSKKKERS,True
3983380,LFFLPSLIGGLISAIKG,True
3982324,GLPVCGETCVGGTCNTPGCSCSWPVCTRNS,True
3983150,FFSLIPSLIGGLVSAIKG,True
3909922,GSTPCGESCVWIPCISGIVGCSCSNKVCYMD,True
3982424,FWGALAKGALKLIPSLVSSFTKKDK,True
3983148,GFLDVIKHVGKAALSVVSHLINEG,True
146516,GLPVCGETCVGGTCNTPGCVCSWPVCTRN,True
148838,IPCGESCVWIPCISSAIGCSCKSKVCYRNG,True
3909924,GIPCGESCIFIPCITTVVGCSCSNKVCYDN,True
3982064,GIPCGESCVFIPCITAAIGCSCKSKVCYRNH,True
146644,AIPCGESCVYIPCISVVIGCSCRNKVCYR,True
3982236,GLPTCGETCFGGTCNTPGCSCSSWPICTRNG,True
3982312,GIGTKIIGGLKTAVKGALKELASTYVNG,True
3909920,GLPCGESCVYIPCISTVLGCSCSNKVCYRD,True
3981763,GLPTCGETCTLGTCYVPDCSCSWPICMKNH,True
3982315,SIGAKILGGVKTFFKGALKELASTYLQQK,True
3909923,GSVPCGESCVWIPCITSIAGCSCSNKVCYMD,True
3981299,FLFSLIPNAISGLLSAFKG,True
3982261,GIGGVLLSAGKAALKGLAKVLAEKYANG,True
3982488,GIPCGESCVWIPCITSAIGCSCKSKVCYRNS,True
3983288,LFFLPSLIGGLISAFKG,True
