peptide_id	sequence
63018	ACKCQ
63019	ADTRDLGAVQNRFNSAIT
23825	AEINMPNY
62963	AEPIPY
63283	AEMIDLAAKMLSEGRG
62961	AGIYGTKESPQTHYY
63282	AGVWTVWGTI
63020	AIIKVYVYACIRRRRRRRRR
63021	AIRVVRARLVRR
63022	AIVKLTVYACIRRRRRRRRR
63023	AIVKLTVYDCIRRRRRRRRR
63024	APCA
63025	APCCVP
63026	APVIR
54531	AQTQSLVYPFPGPIPK
63027	ARVPA
23077	ATSPTELPKYVLVDLKIGTGKNVQTFTLA
23078	ATTTTELPKYVLVDLKLGSEKDAKTFTLA
63028	AVPIG
63029	AVPIR
31731	AVWKFVKRV
63030	AVWTPCY
63031	CGHGNHGVH
63032	CPVIRH
63033	CRIVPAC
63034	CVVTGHGSHGVFV
63035	DCICQ
62978	DETRL
63036	DIIKLTVYDCIRRRRRRRRR
63041	DLGAVQNRFNSAITN
63037	DIVKLTVYACIRRRRRRRRR
63038	DIVKLTVYDCIRRRRRRRRR
63039	DIVKLYVYDCIRRRRRRRRR
63040	DIVKVTVYDCIRRRRRRRRR
62977	DKPTL
63042	DLPAKRGSAPGST
63015	DNIQGITKPAIR
13560	DSDPR
62987	EIPKT
62984	EIPKTITGSETNL
63043	EKGPCYR
63044	ELGPCYR
63045	ELPLKRGRVPVE
63046	EMFTILEEYFMYRGLLGLRIKRRRRRRRRR
63047	EMFTILEEYFMYRGLLGLRIRRRRRRRRR
63048	EMFTILEEYFMYRGLLGLRRRRRRRRR
63049	EMFTILEEYFMYRGLLGLRRRRRRRRRR
63050	EMFTILEEYFMYRGLLRRRRRRRRR
63051	EMFTILEEYFMYRGLRRRRRRRRR
63052	EMFTILEEYFMYRGRRRRRRRRR
63053	EMFTILEEYFMYRRRRRRRRRR
62991	ENRKQDKRF
682	EPVLGPVRGPFP
20378	EPVLGPVRGPFPI
63054	ERIVPAG
63280	FAGTIFG
63055	FCICK
63056	FCLGPCP
63057	FGHGHGV
63058	FGPCI
63059	FIVSAHGDHGV
63063	FLFGCILN
63064	FLFGPCI
63065	FLFGPCILN
63066	FLFGPCILNRLME
62954	FLGFPT
63006	FLPFNQL
63009	FLPPVT
4187	FKCRRWQWRMKKLGAPSITCVRRAF
63060	FKLIL
63061	FKLILA
63062	FKLILAEY
63067	FQVVKIKVR
31477	FRRWWKWFK
62953	FRPRIMTP
63068	FTILEEYFMYRGLLGLRIRRRRRRRRR
63069	FVMAPCF
63070	GAVANRFNSAIT
63071	GAVQNAFNSAIT
63072	GAVQNRFNSAIT
63073	GAVQNRFNSAITNLG
38655	GDLFKCGETCFGGTCYTPGCSCDYPICKNN
1341	GEGSGA
38722	GFNSCSEACVYLPCFSKGCSCFKRQCYKN
63074	GGIVPA
63284	GGRKQGQHQQEE
38734	GGSIPCGESCVFLPCFLPGCSCKSSVCYLN
5893	GIPCGESCVFIPCITGAIGCSCKSKVCYRN
38888	GIPCGESCVFIPCTITALLGCSCKDKVCYKN
23755	GIPCGESCVYIPCTVTALLGCSCKDKVCYKN
63075	GIVPA
63011	GIAASPFLQSAAFQLR
63004	GLF
63076	GLKHPS
63281	GLLGAVWAG
48346	GKVLKKRR
1331	GLTSK
63077	GLYLIYSQVLFKGQG
63078	GPCCPG
63079	GPCG
63080	GPCI
63081	GPCILN
63082	GPCILNR
63083	GPLI
291	GPVRGPFPII
62969	GRKP
62965	GRKSSK
63084	GVP
14859	GVSGHGQHGVHG
18437	GYPMYPLPR
63277	GYPMYPLR
23826	HCQRPA
62997	HCQRPR
63085	HARIKPTARRLAWKYKGKFA
63086	HARIKPTARRLAWKYKGKFW
63087	HARIKPTARRLKWKYKGKFW
63088	HARIKPTFRRLAWKYKGKFW
40308	HARIKPTFRRLKWKYKGKFW
63089	HGDSGHGQHGVD
13761	HGVSGHGQHGVHG
63090	HGHGVHG
63091	HGHGVPL
63094	HGYTSHGAHGV
63092	HGNHGVLA
63093	HGSDGHGVQHG
63095	HIVPA
63097	HYRIKPTARRLAWKYKGKFW
50414	HYRIKPTARRLKWKYKGKFW
50232	HYRIKPTFRRLAWKYKGKFW
50273	HYRIKPTFRRLKWKYKGKFA
63096	HVLLTHTISRIAVSYQTKVNLL
63016	IAFKTNPNSMVSHIAGK
63098	ICTCE
4132	IFWRRIVIVKKF
63017	IGVAMDYSASSKR
62979	IKPR
4116	ILPWKWPWWPWRR
63099	IPCY
23827	IQQGN
63100	IRRVPA
63101	IRVP
63102	IRVPA
63103	IRVRVIWRK
4130	IRWRIRVWVRRI
63104	ISGHGQHGVP
63105	ISGPCPK
63106	ISGPCPL
62985	ITGSE
62982	ITDFQI
62983	ITDFQILE
63107	IVAAIHGQNHGV
63110	IWVIRRVWR
63111	IWVIWRR
31729	IWWKWRRWV
63108	IVVRRVIRK
63109	IVVWRRQLVKNK
4126	IVWKIKRWWVGR
63112	KCKLFKKMLMLALKKVLTTGLPALKLTK
63113	KECCYV
63114	KESIKVIIRGMMVRMKK
63115	KHP
63116	KIVPA
18087	KIWWWWRKR
63117	KKDAIKKVDIRGMDMRRAR
63118	KKQMMKRVDVRGISVKRKR
63119	KKQVSRVKVWRK
31726	KKRWVWIRY
63120	KKSPIAPAIPWSR
63121	KLCCQM
63122	KLIL
63123	KLILA
63124	KLILAEY
63125	KNKAFAKMLMKALKKVTTAAKPLTG
63000	KNTMEHVSSSEESIISQETYKQEKNMAINPSK
63126	KPARVPS
63127	KPCCER
63128	KPRAVP
63129	KPRP
63130	KQCVKVAMRGMALRRCK
63132	KQKLFAKMLMSALKKKTLVTTPLAGK
4118	KRFRIRVRVIRK
31733	KRIMKLKMR
63133	KRIVRRLVARIV
62967	KRLDG
19365	KQFRIRVRVIRK
63131	KQFRNRLRIVKK
62975	KRP
18138	KRWWKWIRW
63136	KSKSFLKMLMKALKKVLTTGLPALIS
63137	KSKSFLKMLMLALKKVLTTGLPALIS
63134	KRSCFKVSMRGVSRRRCK
63135	KRTAIKKVSRRGMSVKARR
63138	KSRIVP
63139	KSRIVPAIPVSLL
63140	KTKKFAKMLMMALKKVVSTAKPLAILS
2115	KTTMPLW
63142	KVP
62971	KTPK
62968	KTPKI
63141	KVIPS
63144	KWKHALMKAHMLWHMIFHTALKPISS
63145	KWKKWAHSPRKVLTRIFHTALKPISS
63148	KWKSLVMMFKKPARRIFHTALKPISS
63149	KWKSYAHTIMSPVRLIFHTALKPISS
63146	KWKRGAHRFMKFLSTIFHTALKPISS
63150	KWKSYAHTIMSPVRLVFHTALKPISS
63147	KWKSFLRTFKSPVRTIFHTALKPISS
31441	KWKSFLRTFKSPVRTVFHTALKPISS
63143	KVVPS
63151	KYSFKLIL
63152	KYSFKLILA
63153	KYSFKLILAE
63154	KYSFKLILAEY
63155	LACCVV
63156	LASLHGQHGV
63157	LFGPCIL
63158	LFKGQGCPSTHVLLTHTISRI
63159	LIQRIRVRNIVK
63160	LLCRIVPVIPWCK
63161	LLFAPCI
63162	LLFDPCI
63163	LLFGICI
63164	LLFGPCI
63165	LLFGPCIL
63166	LLFGPCILN
63167	LLFGPCILNR
63168	LLFGPCILNRLME
63169	LLFIPCI
63170	LLFRPCI
63171	LLFWPCI
63012	LLPPFHQASSLLR
2050	LLYQEPVLGPVRGPFPIIV
63172	LLYSPCF
23080	LPDSNLTPKYVLVKLQDASSKTITLM
23081	LPNNSSTIKYLLVKLQGASQKTITLM
23109	LPNTNPNPKYLLVELNAKLSSGEVKSITLM
63173	LRCPIAPVIPVCKK
63174	LRIRVIVWR
4134	LRIRWIFKR
31723	LRWWWIKRI
23829	LSGNK
63175	LSRIAPAIPWAKL
62951	LVCYPQ
62952	LVVYPW
63176	LVRAIQVRAVIR
25109	LYQEPVLGPVRGPFPIIV
63177	MFTILEEYFMYRGLLGLRIRRRRRRRRR
63278	MITL
63279	MITLAIFVN
63285	MITLAIFVNKFGR
23830	MPACGSS
1339	MTEEY
63178	NLPDLKKPRVPATS
62989	NRKQDK
63010	NSVFRALPVDVVANAYR
63180	PDCCIP
63179	PARVP
63181	PGCCGP
63005	PFNQL
63008	PFNQLAG
20382	PGPIPN
62999	PKNYP
62102	PPYCTIVPFGIFGTNYR
63182	PSLTGHGFHGVYD
63183	PSVPGS
63184	PVCCIG
63286	QEPVPDPVRGLHP
62998	QRPR
62960	QRRQRKSRRTI
63185	RAAFKWAWAWWRRK
63186	RAPYWPWAWARPRK
63188	RCSGCCN
63187	RAVPA
63001	RELEELNVPGEIVESLSSSEESITRINK
4127	RFWKVRVKYIRF
63190	RHCIRRVSMRGIIMRRCK
63189	RGVPA
63191	RHVPA
63192	RIGPA
63199	RIVPA
63200	RIVPAC
63201	RIVPAIPVSLL
63202	RIVPF
63203	RIVPG
63204	RIVPGGA
63205	RIVPH
63206	RIVPK
63207	RIVPL
63208	RIVPP
63209	RIVPPA
63210	RIVPS
63211	RIVPW
63193	RIHPA
63195	RIP
63196	RIPA
63197	RIPPA
63198	RIPVA
63212	RIWPA
63194	RIIPA
62959	RKEVY
62994	RKSSK
63214	RKVPA
31728	RKWIWRWFL
4128	RIKWIVRFR
63213	RKMVKVDVRGIMIRKDRR
62964	RKNVY
62974	RKP
62970	RKPK
62976	RKPKV
62995	RKQDK
62990	RKQDKR
31725	RKRLKWWIY
4119	RLARIVVIRVAR
63215	RLVPA
4827	RPKHPIKHQGLPQEVLNENLLRF
20383	RPKQPIKHQGLPQ
20385	RPKQPIKHQGLPQG
20384	RPKQPIKHQGLPQGVL
63216	RPAWKYWWPWPWPRRK
63218	RPVPA
63217	RPRYPWWPWWPYRPRK
63222	RRDCRRVMVRGIDIKAK
63223	RREAIRRVAMRGRDMKRMRR
63224	RRIVKKFQIVRR
63225	RRIVPA
20370	RQRK
63219	RRAR1VPAIPVARR
63220	RRARIVPAIPVARR
63221	RRAWWKAWWARRK
63228	RRRWKWAWPRRK
63226	RRMCIKVCVRGVCRRKCRK
63227	RRP
63229	RRVIVKKFRIRR
63230	RRVP
63231	RRWIVWI
4131	RRWVVWRIVQRR
63232	RSDLGAVQNRFNSAI
62966	RTAKV
63234	RTCVKRVAMRGIIRKRCR
63233	RSVPA
63235	RVIPA
63238	RVPS
63239	RVPSLL
31478	RWRRWKWWL
63240	RWWRIVI
63236	RVP
63237	RVPA
63241	SELPGLKHPCVPGS
63242	SFKLIL
63243	SFKLILA
63244	SFKLILAE
63245	SFKLILAEY
63246	SGHGAVHGVM
63247	SGHGQHGV
23831	SGFAP
62958	SIKVAV
42961	SIPCGESCVYIPCLTTIVGCSCKNSVCYSN
63248	SIVPA
13572	SKWQHQQDSCRKQLQGVNLTPCEKHIMEKIQGRGDDDDDDDDD
63249	SLPIKHDRLPATS
63250	SPVIRH
63007	SQLALTNPT
63251	SRIVP
63252	SRIVPA
63253	SVP
63254	THGQHGV
63255	TILEEYFMYRGLLGLRIRRRRRRRRR
62972	TKPI
62988	TKPIE
62950	TKPR
62996	TKRP
63013	TPMGGFLGALSSLSATK
54620	TPRK
62973	TRKP
63256	TTLGPVKRDSIPGE
887	TTMPLW
874	VAGTWY
63259	VDARDLGAVQNRFNSAIT
63257	VCGCR
63258	VCICQ
62955	VDPP
63260	VDTADLGAVQNRFNSAIT
63002	VESYVPLFP
4229	VFWRRIRVWVIR
4227	VFLRRIRVIVIR
62962	VGGIPY
63261	VIWIRWR
63262	VLIRWNGKK
63263	VQFRIRVIVIRK
4231	VQLRAIRVRVIR
63264	VQLRIRVAV
4124	VQLRIRVAVIRA
63265	VQLRIWVRR
4233	VQLRRIRVWVIR
10485	VQNRFNSAITNLGNT
4235	VQWRAIRVRVIR
4120	VQWRIRVRVIKK
4237	VQWRRIRVWVIR
4217	VRLIVAVRIWRR
63266	VRLRIRVAV
4129	VRLRIRVAVRRA
4125	VQRWLIVWRIRK
4136	VRLRIRWWVLRK
63267	VSGHGQHGVH
63268	VSIIKPARVPSLL
62993	VTDFY
62980	VTDFYF
62992	VTKFY
62986	VTKFYF
62981	VTKFYFQ
31736	VVLKIVRRF
62956	VVYPD
63269	WIRVIRW
63270	WIVIWRR
63271	WNRVKWIRR
63272	WPCG
4139	WRWRVRVWR
31720	WRWWKIWKR
23832	WTP
63273	YAMSGHGHGVPI
906	YG
63014	YGIYPR
1059	YGG
62957	YGKVLKKRR
63003	YKPR
2139	YPFPG
1073	YPFPGPI
757	YQEPVLGPVRGPFPIIV
321	YQQPVLGPVR
1972	YQQPVLGPVRGPFPIIV
63274	YSFKLIL
63275	YSFKLILAE
63276	YSFKLILAEY
