FMDB_ID	Sequence
FMDB1047	TEDELQDKIHP
FMDB1048	EMPFPKYPVEP
FMDB1049	MPFPKYPVEP
FMDB1050	ELEELNVPGE
FMDB1051	SQSKVLPVPQKAVPYPQ
FMDB1052	EPVLGVRGPFP
FMDB1053	VPYPQRDMPIQA
FMDB1054	NVPGEIVESL
FMDB1055	TTMLIQDEDDLEMA
FMDB1056	VPPFLQPEV
FMDB1057	EMPFPKYPVEP
FMDB1058	SQSKVLPVPQ
FMDB1059	EPVLGPVRGPFP
FMDB1060	TQTPVVVPFFIQPE
FMDB1061	NIPPLTQTPVVVPFFIQPEVMGVSK
FMDB1062	NIPPLTQTPVVVPFFIQ
FMDB1063	VVPFFIQPE
FMDB1064	IASGEPTSTPTTE
FMDB1065	IGSENSEKTTMP
FMDB1066	KHIQKEDVPSER
FMDB1067	IASGEPTSTPT
FMDB1068	IQKEDVPSER
FMDB1069	IASGEPTSTPTTEA
FMDB1070	LSKDIGSESTEDQAMED
FMDB1071	IVPNSVEQKH
FMDB1669	YQEPVLGPVRGPFPIIV
FMDB1670	YQEPVLGPVRGPFPIIV
FMDB1671	SLSQS
FMDB1672	LPVPQ
FMDB1673	LTDVE
FMDB1674	QEPV
FMDB1675	QEPV
FMDB1676	QEPV
FMDB1677	DMPIQ
FMDB1678	DMPIQ
FMDB1679	DMPIQ
FMDB1680	VPYPQ
FMDB1681	FTESQ
FMDB1682	GPFPII
FMDB1683	EAMAPK
FMDB1684	DMPIQA
FMDB1685	DMPIQA
FMDB1686	AVPYPQ
FMDB1687	TLTDVE
FMDB1688	TDVENL
FMDB1689	HNSLPQ
FMDB1690	VEPFTE
FMDB1691	QEPVLGP
FMDB1692	GPFPIIV
FMDB1693	YQEPVL
FMDB1694	YQEPVL
FMDB1695	DKIHPF
FMDB1696	RDMPIQ
FMDB1697	RDMPIQ
FMDB1698	HQPLPPT
FMDB1699	KVLPVPQ
FMDB1700	KAVPYPQ
FMDB1701	LTDVENL
FMDB1702	GVSKVKEA
FMDB1703	SVLSLSQS
FMDB1704	GPVRGPFP
FMDB1705	GPVRGPFP
FMDB1706	RDMPIQA
FMDB1707	TLTDVENL
FMDB1708	LLYQEPVL
FMDB1709	RDMPIQAF
FMDB1710	KVKEAMAPK
FMDB1711	GPVRGPFPIIV
FMDB1712	GPVRGPFPIIV
FMDB1713	DELQDKIHPF
FMDB1714	HQPHQPLPPTVM
FMDB1715	QEPVLGPVRGPFP
FMDB1716	QEPVLGPVRGPFP
FMDB1717	YQEPVLGPVRGPFP
FMDB1718	YQEPVLGPVRGPFP
FMDB1719	QEPVLGPVRGPFPIIV
FMDB1720	QEPVLGPVRGPFPIIV
FMDB1721	HKEMPFPKYPVEPF
FMDB1722	LLYQEPVLGPVRGPFP
FMDB1723	HQPHQPLPPTVMFPPQ
FMDB1724	YQEPVLGPVRGPFPIIV
FMDB1725	MHQPHQPLPPTVMFPPQ
FMDB1726	SEEQQQTEDELQKIHPF
FMDB1727	KKIEKFQSEEQQQTEDELQ
FMDB1728	KIEKFQSEEQQQTEDELQDKIHPF
FMDB1729	KKIEKFQSEEQQQTEDELQDKIHPF
FMDB1730	KIEKFQSEEQQQTEDELQDKIHPFAQTQ
FMDB1731	RELEELNVPGEIVESLSSSEESITRIN
FMDB1732	RELEELNVPGEIVESLSSSEESITRIN
FMDB1733	RELEELNVPGEIVESLSSSEESITRINKKIEKFQSEEQQQTEDELQ
FMDB1734	RELEELNVPGEIVESLSSSEESITRINKKIEKFQSEEQQQTEDELQ
FMDB1735	FALPQYLK
FMDB1736	FALPQYLK
FMDB1737	FALPQYLK
FMDB1738	FALPQYLK
FMDB1739	AMKPWIQPK
FMDB1740	AMKPWIQPK
FMDB1741	AMKPWIQPK
FMDB1742	AMKPWIQPK
FMDB1743	GPVRGPFPIIV
FMDB1744	GPVRGPFPIIV
FMDB1745	GPVRGPFPIIV
FMDB1746	GPVRGPFPIIV
FMDB1747	AVPYPQR
FMDB1748	AVPYPQR
FMDB1749	AVPYPQR
FMDB1750	AVPYPQR
FMDB1751	YPFPGPI
FMDB1752	YPFPGPI
FMDB1753	YPFPGPI
FMDB1754	YPFPGPI
FMDB1755	YQEPVLGPVRGPFPI
FMDB1756	YQEPVLGPVRGPFPIIV
FMDB1757	YQEPVLGPVRGPFPIIV
FMDB1758	YQEPVLGPVRGPFPIIV
FMDB1759	YQEPVLGPVRGPFPIIV
FMDB1760	EVFGKEKVN
FMDB1761	EVFGKEKVN
FMDB1762	EVFGKEKVN
FMDB1763	SDIPNPIGSENSEK
FMDB1764	SDIPNPIGSENSEK
FMDB1765	SDIPNPIGSENSEK
FMDB1766	SDIPNPIGSENSEK
FMDB1767	YPVEPFTE
FMDB1768	YPVEPFTE
FMDB1769	YPVEPFTE
FMDB1770	YPVEPFTE
FMDB1771	RDMPIQAF
FMDB1772	RDMPIQAF
FMDB1773	RDMPIQAF
FMDB1774	RDMPIQAF
FMDB1775	YPVEPF
FMDB1776	YPVEPF
FMDB1777	MAIPPKKNQDK
FMDB1778	YPSYGLN
FMDB1779	RPKHPIKHQGLPQEVLNENLLRF
FMDB1780	YPFPGPIPN
FMDB1781	YPFPGPIPNSLPQ
FMDB1782	VYPFPGPIPN
FMDB1783	PGPIPN
FMDB1784	VLNENLLR
FMDB1785	VLNENLLR
FMDB1786	VLNENLLR
FMDB1787	VLNENLLR
FMDB1788	SQSKVLPVPQ
FMDB1789	SQSKVLPVPQ
FMDB1790	SQSKVLPVPQ
FMDB1791	SQSKVLPVPQ
FMDB1792	MPFPKYPVEP
FMDB1793	MPFPKYPVEP
FMDB1794	MPFPKYPVEP
FMDB1795	MPFPKYPVEP
FMDB1796	IGSENSEKTTMP
FMDB1797	IGSENSEKTTMP
FMDB1798	IGSENSEKTTMP
FMDB1799	PGPIPN
FMDB1800	LYQEPVLGPVRGPFPIIV
FMDB1801	LYQEPVLGPVRGPFPIIV
FMDB1802	LYQEPVLGPVRGPFPIIV
FMDB1803	LYQEPVLGPVRGPFPIIV
FMDB1804	NIPPLTQTPV
FMDB1805	NIPPLTQTPV
FMDB1806	DKIHPF
FMDB1807	DKIHPF
FMDB1808	DKIHPF
FMDB1809	DKIHPF
FMDB1810	VAPFPEVF
FMDB1811	VAPFPEVF
FMDB1812	VAPFPEVF
FMDB1813	VAPFPEVF
FMDB1814	FVAPFPEV
FMDB1815	FVAPFPEV
FMDB1816	FVAPFPEV
FMDB1817	FVAPFPEV
FMDB1820	FVAPFPE
FMDB1821	VAPFP
FMDB1822	VAPFPE
FMDB1823	FGKEK
FMDB1824	EKVNE
FMDB1825	IQKED
FMDB1826	LEQL
FMDB1827	IHAQ
FMDB1828	VNQEL
FMDB1829	YPSGAW
FMDB1830	PSGAW
FMDB1831	VPLGTQY
FMDB1832	LGTQY
FMDB1833	DIPNP
FMDB1834	IGSEN
FMDB1835	MEHVS
FMDB1836	YQGPIVLNP
FMDB1837	QGPIVLNP
FMDB1838	AVPITPT
FMDB1839	PITPT
FMDB1840	TKVIPY
FMDB1841	LNVPGE
FMDB1842	QQQTED
FMDB1843	VYPFP
FMDB1844	IPPL
FMDB1845	IPPLTQ
FMDB1846	KYPVEP
FMDB1847	LTDVEN
FMDB1848	TDVEN
FMDB1849	LHLPLP
FMDB1850	HLPLP
FMDB1851	MHQPH
FMDB1852	VMFPPQS
FMDB1853	VLPVPQK
FMDB1854	YQEP
FMDB1855	IPIQY
FMDB1856	YQQKP
FMDB1857	FVAPFPE
FMDB1858	PEVFGK
FMDB1859	VFGKEK
FMDB1860	MEDIKQ
FMDB1861	EDIKQ
FMDB1862	MIGVNQEL
FMDB1863	PSGAW
FMDB1864	FSDIPNP
FMDB1865	NPIGSEN
FMDB1866	RELEE
FMDB1867	LNVPGE
FMDB1868	QQQTE
FMDB1869	QQQTED
FMDB1870	QQQTEDE
FMDB1871	ELQDK
FMDB1872	FAQTQS
FMDB1873	VYPFP
FMDB1874	IPPLTQ
FMDB1875	IPPLTQT
FMDB1876	IPPLTQTP
FMDB1877	PPLTQTP
FMDB1878	VSKVKE
FMDB1879	VSKVKEA
FMDB1880	VKEAM
FMDB1881	FPKYP
FMDB1882	KYPVEP
FMDB1883	FTESQ
FMDB1884	FTESQS
FMDB1885	LTLTDVEN
FMDB1886	LHLPLP
FMDB1887	LHLPLPL
FMDB1888	LHLPLPLLQS
FMDB1889	HLPLP
FMDB1890	LPLPLLQ
FMDB1891	LPLPLLQS
FMDB1892	LPLLQS
FMDB1893	LQSW
FMDB1894	MHQPH
FMDB1895	VMFPPQS
FMDB1896	SLSQSK
FMDB1897	SKVLP
FMDB1898	MPIQA
FMDB1899	LLYQEP
FMDB1900	LYQEP
FMDB1901	GPVRGPFP
FMDB1902	GPVRGPFPI
FMDB1903	IPTINT
FMDB1904	SPPEINT
FMDB1972	IPP
FMDB1973	VPP
FMDB1974	IPP
FMDB1975	VPP
FMDB205	VKEAMAPK
FMDB206	SKVLPVPQ
FMDB2065	LVYPFPGPIPNSLPQNIPP
FMDB2066	FVAPFPEVFGKEKVNELSKDIGSE
FMDB2067	LGTQYTDAPSFSDIPNPIGSENSEK
FMDB2068	LVYPFPGPIPNSLPQNIPP
FMDB2069	FVAPFPEVFGKEKVNELSKDIGSE
FMDB207	SKVLPVPQ
FMDB2070	LVYPFPGPIPNSLPQNIPP
FMDB2071	RPKHPI
FMDB2072	RPKH
FMDB2073	HPIKH
FMDB2074	TVDQ
FMDB2075	HQK
FMDB2076	LVYPFPGP
FMDB2077	TVDQHQ
FMDB2078	LVYPFPGPI
FMDB2079	QPQ
FMDB208	SKVLPVPQ
FMDB2080	VPQ
FMDB2081	IPQ
FMDB2082	QELLLNPTHQYPVTQPLAPVHNPISV
FMDB2086	RELEELNVPGEIVE
FMDB2087	LTDVENLHLPLP
FMDB2088	DVENLHLPLP
FMDB2089	LLQSWMHQPHQPLPPT
FMDB209	SKVLPVPQ
FMDB2090	VLSLSQSKVLPVPQK
FMDB2091	VLSLSQSKVLPVP
FMDB2092	VLSLSQSKVLPVPQKAVPYPQRDMPIQA
FMDB2093	AVPYPQRDMPIQAF
FMDB2094	FLLYQEPVLGPVR
FMDB2095	LLYQEPVLGPVRGPFPIIV
FMDB2096	LLYQEPVLGPVRGPFP
FMDB2097	LLYQEPVLGPVR
FMDB2098	LYQEPVLGPVRGPFPIIV
FMDB2099	YQEPVLGPVRGPFP
FMDB210	SKVLPVPQ
FMDB2100	YQEPVLGPVRGPFPIIV
FMDB2101	QEPVLGPVRGPFPIIV
FMDB2102	EPVLGPVRGPFPIIV
FMDB2103	VLGPVRGPFPIIV
FMDB2104	GPVRGPFPIIV
FMDB2105	HQGLPQEVLNENLLRF
FMDB2106	HQGLPQEVLNENLLR
FMDB2107	GLPQEVLNENLLRF
FMDB2108	GLPQEVLNENLLR
FMDB2109	LPQEVLNENLLRF
FMDB211	SKVLPVPQ
FMDB2110	LPQEVLNENLLR
FMDB2111	PQEVLNENLLR
FMDB2112	EVLNENLLRF
FMDB2113	VLNENLLRF
FMDB2114	FVAPFPEVFGKEK
FMDB2115	FVAPFPEVFGKE
FMDB2116	FSDIPNPIGSENSEKTTMPLW
FMDB2117	LNYYQQKPVALINNQ
FMDB2118	FLPYPYYAKPAAVRSPAQ
FMDB212	SKVLPVPQ
FMDB213	SKVLPVPQ
FMDB214	SKVLPVPQ
FMDB215	SKVLPVPQ
FMDB2152	LQSW
FMDB2153	HLPLP
FMDB2154	AVPYPQ
FMDB2155	RPKHPI
FMDB2156	YQEPVL
FMDB2157	DKIHPF
FMDB2158	KVLPVPQ
FMDB2159	KAVPYPQ
FMDB216	KVLPVPQ
FMDB2160	SKVLPVPQ
FMDB2161	RDMPIQAF
FMDB2162	YPFPGPIPN
FMDB2163	MKPWIQPK
FMDB2164	RPKHPIKHQ
FMDB2165	HKEMPFPKYPVEPF
FMDB2166	YQEPVLGPVRGPFPIIV
FMDB2167	LHLPLPLL
FMDB2168	NLHLPLPLL
FMDB2169	VENLHLPLPL
FMDB217	KVLPVPQ
FMDB2170	DVENLHLPLPLLQSW
FMDB2171	KYPVEPFTESQSLTLTDVENLHL
FMDB2172	FVAPFPEVFGKEKVNELSKDIGS
FMDB2173	NENLLRFFVAPFPE
FMDB2174	LGPVRGPFPI
FMDB2175	QKAVPYPQRDMPI
FMDB2176	LPQYLKTVYQHQKA
FMDB218	KVLPVPQ
FMDB219	KVLPVPQ
FMDB220	KVLPVPQ
FMDB221	KVLPVPQ
FMDB222	KVLPVPQ
FMDB223	KVLPVPQ
FMDB224	KVLPVPQ
FMDB225	KVLPVPQ
FMDB226	KVLPVPQK
FMDB227	KVLPVPQK
FMDB228	KVLPVPQK
FMDB229	KVLPVPQK
FMDB230	RDMPIQAF
FMDB231	RDMPIQAF
FMDB232	RDMPIQAF
FMDB233	RDMPIQAF
FMDB234	RDMPIQAF
FMDB235	RDMPIQAF
FMDB236	RDMPIQAF
FMDB237	RDMPIQAF
FMDB238	RDMPIQAF
FMDB239	RDMPIQAF
FMDB240	LLYQEPVLGPVRGPFPIIV
FMDB241	LLYQEPVLGPVRGPFPIIV
FMDB242	LLYQEPVLGPVRGPFPIIV
FMDB243	LLYQEPVLGPVRGPFPIIV
FMDB244	LLYQEPVLGPVRGPFPIIV
FMDB245	LLYQEPVLGPVRGPFPIIV
FMDB246	LLYQEPVLGPVRGPFPIIV
FMDB247	LLYQEPVLGPVRGPFPIIV
FMDB248	LLYQEPVLGPVRGPFPIIV
FMDB249	LLYQEPVLGPVRGPFPIIV
FMDB250	LYQEPVLGPVRGPFPIIV
FMDB251	LYQEPVLGPVRGPFPIIV
FMDB252	LYQEPVLGPVRGPFPIIV
FMDB253	LYQEPVLGPVRGPFPIIV
FMDB254	LYQEPVLGPVRGPFPIIV
FMDB255	LYQEPVLGPVRGPFPIIV
FMDB256	LYQEPVLGPVRGPFPIIV
FMDB257	LYQEPVLGPVRGPFPIIV
FMDB258	LYQEPVLGPVRGPFPIIV
FMDB259	LYQEPVLGPVRGPFPIIV
FMDB26	IPP
FMDB260	YQEPVL
FMDB261	YQEPVL
FMDB262	YQEPVL
FMDB263	YQEPVL
FMDB264	YQEPVL
FMDB265	YQEPVL
FMDB266	YQEPVL
FMDB267	YQEPVL
FMDB268	YQEPVL
FMDB269	YQEPVL
FMDB27	VPP
FMDB270	YQEPVLGPVR
FMDB271	YQEPVLGPVR
FMDB272	YQEPVLGPVR
FMDB273	YQEPVLGPVR
FMDB274	YQEPVLGPVR
FMDB275	YQEPVLGPVR
FMDB276	YQEPVLGPVR
FMDB277	YQEPVLGPVR
FMDB278	YQEPVLGPVR
FMDB279	YQEPVLGPVR
FMDB28	IPP
FMDB280	YQEPVLGPVRGPFPIIV
FMDB281	YQEPVLGPVRGPFPIIV
FMDB282	YQEPVLGPVRGPFPIIV
FMDB283	YQEPVLGPVRGPFPIIV
FMDB284	YQEPVLGPVRGPFPIIV
FMDB285	YQEPVLGPVRGPFPIIV
FMDB286	YQEPVLGPVRGPFPIIV
FMDB287	YQEPVLGPVRGPFPIIV
FMDB288	YQEPVLGPVRGPFPIIV
FMDB289	YQEPVLGPVRGPFPIIV
FMDB29	VPP
FMDB290	GPVRGPFPIIV
FMDB291	GPVRGPFPIIV
FMDB292	GPVRGPFPIIV
FMDB293	GPVRGPFPIIV
FMDB294	GPVRGPFPIIV
FMDB295	GPVRGPFPIIV
FMDB296	GPVRGPFPIIV
FMDB297	GPVRGPFPIIV
FMDB298	GPVRGPFPIIV
FMDB299	GPVRGPFPIIV
FMDB300	VRGPFPIIV
FMDB301	VRGPFPIIV
FMDB302	GPFPIIV
FMDB303	GPFPIIV
FMDB304	GPFPIIV
FMDB305	GPFPIIV
FMDB306	GPFPIIV
FMDB307	GPFPIIV
FMDB308	GPFPIIV
FMDB309	GPFPIIV
FMDB310	GPFPIIV
FMDB311	GPFPIIV
FMDB312	FALPQYLK
FMDB313	AMKPWIQPK
FMDB314	AMKPWIQPK
FMDB315	AMKPWIQPK
FMDB316	MKPWIQPK
FMDB317	MKPWIQPK
FMDB318	MKPWIQPK
FMDB319	TKVIP
FMDB320	TKVIP
FMDB321	TKVIP
FMDB322	PYVRYL
FMDB323	RPKHPIKHQ
FMDB324	RPKHPIKHQ
FMDB325	RPKHPIKHQ
FMDB326	RPKHPIKHQ
FMDB327	RPKHPIKHQ
FMDB328	RPKHPIKHQ
FMDB329	RPKHPIKHQ
FMDB330	RPKHPIKHQ
FMDB331	RPKHPIKHQ
FMDB332	RPKHPIKHQ
FMDB333	RPKHPIKHQGLPQEVLNENLLRF
FMDB334	RPKHPIKHQGLPQEVLNENLLRF
FMDB335	RPKHPIKHQGLPQEVLNENLLRF
FMDB336	RPKHPIKHQGLPQEVLNENLLRF
FMDB816	YQEPVLGPVRGPFPIIV
FMDB817	YQEPVLGPVRGPFPIIV
FMDB883	IKHQGLPQE
FMDB884	VLNENLLR
FMDB885	SDIPNPI G SENSEK
FMDB886	IKHQGLPQE
FMDB887	VLNENLLR
FMDB888	IKHQGLPQE
FMDB889	VLNENLLR
FMDB1072	LVYPFPGPIHNSLPQ
FMDB1073	GPVRGPFP
FMDB1074	GPVRGPFP
FMDB1075	GPVRGPFP
FMDB1076	ARHPHPH
FMDB1077	ARHPHPH
FMDB1078	ARHPHPH
FMDB1079	LPQYLKT
FMDB1080	RPKHPIK
FMDB1081	RPKHPIK
FMDB1082	RPKHPIK
FMDB1083	KPWIQPK
FMDB1084	KPWIQPK
FMDB1085	KPWIQPK
FMDB1086	VPSERYLG
FMDB1087	GPVRGPFPI
FMDB1088	APFPEVFGK
FMDB1089	YPFPGPIPN
FMDB1090	YPFPGPIPN
FMDB1091	RPKHPIKH
FMDB1092	RPKHPIKH
FMDB1093	RPKHPIKH
FMDB1094	VLGPVRGPFP
FMDB1095	VPSERYLGY
FMDB1096	VPSERYLGY
FMDB1097	RPKHPIKHQ
FMDB1098	RPKHPIKHQ
FMDB1099	RPKHPIKHQ
FMDB1100	HPIKHQGLPQ
FMDB1101	RPKHPIKHQG
FMDB1102	APFPEVFGKEK
FMDB1103	EPVLGPVRGPFP
FMDB1104	EPVLGPVRGPFP
FMDB1105	EPVLGPVRGPFP
FMDB1106	HPIKHQGLPQE
FMDB1107	YQEPVLGPVRGP
FMDB1108	QEPVLGPVRGPFP
FMDB1109	RPKHPIKHQGLP
FMDB1110	RPKHPIKHQGLP
FMDB1111	RPKHPIKHQGLP
FMDB1112	RPKHPIKHQGLPQ
FMDB1113	RPKHPIKHQGLPQ
FMDB1114	RPKHPIKHQGLPQ
FMDB1115	EPVLGPVRGPF PIIV
FMDB1116	RPKHPIKHQGLPQE
FMDB1117	RPKHPIKHQGLPQE
FMDB1118	RPKHPIKHQGLPQE
FMDB1119	RPKHPIKHQGLPQEV
FMDB1120	RPKHPIKHQGLPQEVL
FMDB1121	YQEPVLGPVRGPFPIIV
FMDB1122	YQEPVLGPVRGPFPIIV
FMDB1123	YQEPVLGPVRGPFPIIV
FMDB1124	RPKHPIKHQGLPQEVLN
FMDB1125	RPKHPIKHQGLPQEVLN
FMDB1126	RPKHPIKHQGLPQEVLN
FMDB1127	RPKHPIKHQGLPQEVLNENLLRF
FMDB1128	VSKVKEAMAPKHKEMPFPKYPVEPF
FMDB1195	LAFNPTQLEGQCHV
FMDB1196	LAFNPTQLEGQCHV
FMDB1574	KEMPFPKYPVE
FMDB1575	WMHQPPQPLPPTVMFPPQSVL
FMDB1576	MHQPPQPLPPTVMFPPQSVL
FMDB1577	HQPPQPLPPTVMFPPQSVL
FMDB1578	YQEPVLGPVRGPFPI
FMDB1579	QEPVLGPVRGPFPILV
FMDB1580	QEPVLGPVRGPFPI
FMDB1581	PVLGPVRGPFPI
FMDB1582	LGPVRGPFPI
FMDB1583	TDAPSFSDIPNPIGSENSGK
FMDB1584	DIPNPIGSENSGKTTMPLW
FMDB1585	IPNPIGSENSGKIT
FMDB1586	NAGPFTPTVNR
FMDB1587	YQGPIVLNPWDQVKR
FMDB1588	YQGPIVLNPWDQVK
FMDB1589	GPIVLNPWDQVKR
FMDB1590	VLNPWDQVKR
FMDB1591	RPK
FMDB1592	VRGP
FMDB1593	GVPK
FMDB1594	VVVPP
FMDB1595	TDVEK
FMDB1596	DKIHP
FMDB1597	PLTQTP
FMDB1598	DKIHPF
FMDB1599	QP
FMDB1600	PP
FMDB1601	PK
FMDB1602	PQ
FMDB1603	RI/RL
FMDB1604	ENLL
FMDB1605	EVLN
FMDB1606	PQEVL
FMDB1607	NENLL
FMDB1608	NLLRF
FMDB1609	PP
FMDB1610	MPI/MPL
FMDB1611	REL
FMDB1612	EVVR
FMDB1613	GPIH
FMDB1614	PEVP
FMDB1615	DKIHP
FMDB1616	PGPIH
FMDB1617	PVEPF
FMDB1618	DKIHPF
FMDB1619	FPGPIH
FMDB1620	HPIK
FMDB1621	HQGL
FMDB1622	DKIHP
FMDB1623	DKIHPF
FMDB1624	TGPIPN
FMDB1625	QP
FMDB1626	PP
FMDB1627	FP
FMDB1628	PFP
FMDB1629	QP
FMDB1630	PP
FMDB1631	HPIK
FMDB1632	HQGL
FMDB1633	DKIHP
FMDB1634	DKIHPF
FMDB1635	GPVR
FMDB1636	PKHP
FMDB1637	RPKHP
FMDB1638	QP
FMDB1639	FP
FMDB1640	PQL
FMDB1641	AWY
FMDB1642	PSE
FMDB1643	NINE
FMDB1644	ERYL
FMDB1645	DKIHP
FMDB1646	EIVPK
FMDB1647	DKIHPF
FMDB1648	GLSPEVLNENLL
FMDB1649	RFVVAPFPE
FMDB1650	VVAPFPEV
FMDB1651	VMFPPQSVL
FMDB1652	MAIPPKKNQD
FMDB1653	TVQVTSTAV
FMDB1656	GKEKVNELSKD
FMDB1657	FVAPFPEVFG
FMDB1659	GLPQE
FMDB1660	MAIPPKKNQD
FMDB1662	MPIQAFLL
FMDB1663	FVAPFPEVFG
FMDB1664	FVAPFPEVF
FMDB1665	YPFTGPIPN
FMDB1667	VFMFPPQSV
FMDB1668	VVAPFPE
FMDB2119	VKEAMAPK
FMDB2120	HIQKEDVPSER
FMDB338	YQEPVLGPVRGPFPI
FMDB339	YQEPVLGPVRGPFPIIV
FMDB340	EVLNENLLRF
FMDB341	FVAPFPEVFGK
FMDB342	YQEPVLGPVRGPFPIIV
FMDB343	RPKHPIKHQGLPQEV
FMDB344	RPKHPIKHQGLPQEVLNENLLR
FMDB345	FVAPFPEVFGK
FMDB346	EVLNENLLRF
FMDB347	YQEPVLGPVRGPF
FMDB348	YQEPVLGPVRGPFPIIV
FMDB862	RPKHPIKHQ
FMDB863	RPKHPIK
FMDB864	RPKHPI
FMDB865	DKIHPF
FMDB866	FVAPFPEVF
FMDB867	KKYKVPQLE
FMDB868	YQEPVLGPVRGPFPIIV
FMDB869	RPKHPIKHQ
FMDB870	RPKHPIK
FMDB871	RPKHPI
FMDB872	DKIHPF
FMDB873	FVAPFPEVF
FMDB874	KKYKVPQLE
FMDB875	YQEPVLGPVRGPFPIIV
FMDB876	RPKHPIKHQ
FMDB877	RPKHPIK
FMDB878	RPKHPI
FMDB879	DKIHPF
FMDB880	FVAPFPEVF
FMDB881	KKYKVPQLE
FMDB882	YQEPVLGPVRGPFPIIV
FMDB890	VPKVKET
FMDB891	LKKISQ
FMDB892	VPKVKE
FMDB893	DKIHP
FMDB894	KQMK
FMDB895	KKYNVPQ
FMDB896	VPSERY
FMDB897	FPE
FMDB898	DVPSERY
FMDB899	REQEEL
FMDB900	IPY
FMDB901	AWPQ
FMDB902	FP
FMDB903	TQPKTNAIPY
FMDB904	DVPSERYLG
FMDB905	VPSERYL
FMDB906	LEIVPK
FMDB907	VRYL
FMDB908	VRGPFP
FMDB909	VVAPFPE
FMDB910	KKYNVPQL
FMDB911	GPVRGPFP
FMDB723	YEWEPTVPNFDVAKDVTDM
FMDB724	GVSNAAVVAGGH
FMDB725	DAQEFKR
FMDB726	PPGPGPGPPPPPGAAGRGGGG
FMDB727	HKEMQAIFDVYIMFIN
FMDB728	TGGGSTSSSSSSSSSLGGGASRGSVVEAAPPATQGAAAANAPAVPVVVVDTQEAGIR
FMDB729	DTAAGYVAPPDPAVSTGDYGLAGAEAPHPHESAVMSGAAAAAVAPGGEAYTR
FMDB10	PPQSVLSLSESKVLPVPE
FMDB100	SENSEKTTMPLW
FMDB101	EVIESPPEINTVQVTSTAV
FMDB102	LVYPFP
FMDB103	VLPVPQK
FMDB104	LPLP
FMDB105	VPP
FMDB106	IPP
FMDB107	PKHKLMPF
FMDB108	PKHKLMPF
FMDB109	PKHKLMPF
FMDB11	RDMPIQAF
FMDB110	PKHKLMPF
FMDB111	VLGPVRGPFP
FMDB112	VLGPVRGPFP
FMDB113	VLGPVRGPFP
FMDB114	VLGPVRGPFP
FMDB115	GPVRGPFPIIV
FMDB116	GPVRGPFPIIV
FMDB117	GPVRGPFPIIV
FMDB118	GPVRGPFPIIV
FMDB119	LGPVRGPFPIIV
FMDB1197	YAKPA
FMDB1198	PQLEI
FMDB1199	RPKHPIKHQ
FMDB12	YQQPVLGPVRGPFPIIV
FMDB120	LGPVRGPFPIIV
FMDB1200	KKIEKFQSE
FMDB1201	KAVPYPQE
FMDB1202	KIEKFQSEE
FMDB1203	FVAPFPQV
FMDB1204	NVPGEIVE
FMDB1205	TESQSLTLT
FMDB1206	QSKVLPVPE
FMDB1207	SLSQSKVLPVPE
FMDB1208	KVKPVPEKAVPYPQ
FMDB1209	ELQDKIHPF
FMDB121	LGPVRGPFPIIV
FMDB1210	DELQDKIHPF
FMDB1211	RDMPIQAF
FMDB1212	GVSKVEAMAPKHKEM PFPKYPVQPF
FMDB1213	VMFPPQSVL
FMDB1214	GPVRGPFPIIV
FMDB1215	TQTPVVVPPFLQPEVM
FMDB1216	QQPVLGPVRGPFPIIV
FMDB1217	YQQPVLGPVRGPFPIIV
FMDB1218	YAKPA
FMDB1219	PQLEI
FMDB122	LGPVRGPFPIIV
FMDB1220	RPKHPIKHQ
FMDB1221	KKIEKFQSE
FMDB1222	KAVPYPQE
FMDB1223	KIEKFQSEE
FMDB1224	FVAPFPQV
FMDB1225	NVPGEIVE
FMDB1226	TESQSLTLT
FMDB1227	QSKVLPVPE
FMDB1228	SLSQSKVLPVPE
FMDB1229	KVKPVPEKAVPYPQ
FMDB123	MHQPHQPLPPT
FMDB1230	ELQDKIHPF
FMDB1231	DELQDKIHPF
FMDB1232	RDMPIQAF
FMDB1233	GVSKVEAMAPKHKEM PFPKYPVQPF
FMDB1234	VMFPPQSVL
FMDB1235	GPVRGPFPIIV
FMDB1236	TQTPVVVPPFLQPEVM
FMDB1237	QQPVLGPVRGPFPIIV
FMDB1238	YQQPVLGPVRGPFPIIV
FMDB1239	RPKHPIKHQ
FMDB124	VLGPVRGPFP
FMDB1240	RPKHPIKHQ
FMDB1241	FPGP
FMDB1242	FPGP
FMDB1243	RPKHPI
FMDB1244	KAVPYPQE
FMDB1245	KAVPYPQE
FMDB1246	RPKHPIKHQGLPQE
FMDB1247	TESQSLTLT
FMDB1248	NVPGEIVE
FMDB1249	NVPGEIVE
FMDB125	WMHQPHQPLPPT
FMDB1250	SWM
FMDB1251	SWM
FMDB1252	KVLPVPE
FMDB1253	DKIHPF
FMDB1254	SLSQKVLPVPE
FMDB1255	SLSQKVLPVPE
FMDB1256	RDMPIQAF
FMDB1257	RDMPIQAF
FMDB1258	VLPVPE KAVPYPQ
FMDB1259	DELQDKIHPF
FMDB126	WMHQPHQPLPPT
FMDB1260	DELQDKIHPF
FMDB1261	SEEQQQTEDELQDKIHPF
FMDB1262	SEEQQQTEDELQDKIHPF
FMDB1263	KKIEK..KIHPF
FMDB1264	KKIEK..KIHPF
FMDB1265	VYPFPGPIPN
FMDB1266	VYPFPGPIHNSLPQ
FMDB1267	VYPFPGPIHNSLPQ
FMDB1268	HKEMPFPKYPVQPF
FMDB1269	HKEMPFPKYPVQPF
FMDB127	RPKHPIKHQGLPQE
FMDB1270	MAPKHKEMPFPKYPVQPF
FMDB1271	MAPKHKEMPFPKYPVQPF
FMDB1272	QQPVLGPVRGPFPIIV
FMDB1273	QQPVLGPVRGPFPIIV
FMDB1274	YQQPVLGPVRGPFPIIV
FMDB1275	SLPQNIPPLTQTPVV.QPEVM
FMDB1276	SLPQNIPPLTQTPVV.QPEVM
FMDB1277	NIPPLTQTPVVVPPFLQPEVM
FMDB1278	NIPPLTQTPVVVPPFLQPEVM
FMDB1279	NIPPLTQTPVV...QPEVMGVS
FMDB128	RPKHPIKHQGLPQE
FMDB1280	SLPQNIPPLTQTPVV.AMAPK
FMDB1281	VPP
FMDB1282	IPP
FMDB1286	YQDPRLGPTGELDPATQPIVAVHNPVIV
FMDB1287	PKDLREN
FMDB1288	LLLAHLL
FMDB1289	NHRNRMMDHVH
FMDB129	RPKHPIKHQGLPQE
FMDB1290	VLSRYP
FMDB1291	LRFF
FMDB13	LPQNIPPLTQTPVVVPPFLQPEVMGVSK
FMDB130	RPKHPIKHQGLPQE
FMDB131	YQEPVLGPVRGPFPIIV
FMDB132	YQEPVLGPVRGPFPIIV
FMDB1326	VLGP
FMDB1327	VLGP
FMDB1328	VLGP
FMDB1329	PGPIHN
FMDB133	YQEPVLGPVRGPFPIIV
FMDB1330	PGPIHN
FMDB1331	LLQSW
FMDB1332	IPPLTQ
FMDB1333	IPPLTQ
FMDB1334	VRGPFP
FMDB1335	VRGPFP
FMDB1336	VRGPFP
FMDB1337	VRGPFP
FMDB1338	RELEE
FMDB1339	RELEE
FMDB134	YQEPVLGPVRGPFPIIV
FMDB1340	RELEE
FMDB1341	FAQTQS
FMDB1342	FAQTQS
FMDB1343	FAQTQS
FMDB1344	FAQTQS
FMDB1345	LHLPLP
FMDB1346	LHLPLP
FMDB1347	LHLPLP
FMDB1348	LHLPLP
FMDB1349	LHLPLP
FMDB135	LYQEPVLGPVRGPFPIIV
FMDB1350	FTESQS
FMDB1351	FTESQS
FMDB1352	FTESQS
FMDB1353	FTESQS
FMDB1354	PQRDMP
FMDB1355	PQRDMP
FMDB1356	PQRDMP
FMDB1357	LLYQEP
FMDB1358	LLYQEP
FMDB1359	LLYQEP
FMDB136	LYQEPVLGPVRGPFPIIV
FMDB1360	LQPEVMG
FMDB1361	LQPEVMG
FMDB1362	VLPVPQK
FMDB1363	VLPVPQK
FMDB1364	VLPVPQK
FMDB1365	VLPVPQK
FMDB1366	LHLPLPL
FMDB1367	LHLPLPL
FMDB1368	ITRINKK
FMDB1369	LTLTDVEN
FMDB137	LYQEPVLGPVRGPFPIIV
FMDB1370	LTLTDVEN
FMDB1371	LHLPLPLL
FMDB1372	LHLPLPLL
FMDB1373	VRGPFPIIV
FMDB1374	VRGPFPIIV
FMDB1375	VRGPFPIIV
FMDB1376	VRGPFPIIV
FMDB1377	VLGPVRGPFP
FMDB1378	LTQTPVVVPPF
FMDB1379	LTQTPVVVPPF
FMDB138	LYQEPVLGPVRGPFPIIV
FMDB1380	LTQTPVVVPPF
FMDB1381	LLRF
FMDB1382	LLRF
FMDB1383	LLRF
FMDB1384	LGTQY
FMDB1385	FRQF
FMDB1386	RPKHP
FMDB1387	FVAPFP
FMDB1388	FVAPFP
FMDB1389	FVAPFP
FMDB139	LLYQEPVLGPVRGPFPIIV
FMDB1390	FVAPFP
FMDB1391	FVAPFP
FMDB1392	LEIVPK
FMDB1393	LEIVPK
FMDB1394	LEIVPK
FMDB1395	VLNENL
FMDB1396	VLNENL
FMDB1397	VLNENL
FMDB1398	VLNENL
FMDB1399	LHSMKEG
FMDB14	LLYQQPVLGPVRGPFPIIV
FMDB140	LLYQEPVLGPVRGPFPIIV
FMDB1400	FPEVFGK
FMDB1401	IPNPIGSE
FMDB1402	AQTQSL
FMDB1403	AQTQSL
FMDB1404	AQTQSL
FMDB1405	VVVPPF
FMDB1406	VVVPPF
FMDB1407	VRGPFP
FMDB1408	VRGPFP
FMDB1409	VRGPFP
FMDB141	LLYQEPVLGPVRGPFPIIV
FMDB1410	VRGPFP
FMDB1411	VRGPFP
FMDB1412	VRGPFP
FMDB1413	VRGPFP
FMDB1414	VRGPFP
FMDB1415	VRGPFP
FMDB1416	VRGPFP
FMDB1417	VRGPFP
FMDB1418	VRGPFP
FMDB1419	RELEE
FMDB142	LLYQEPVLGPVRGPFPIIV
FMDB1420	RELEE
FMDB1421	RELEE
FMDB1422	RELEE
FMDB1423	RELEE
FMDB1424	RELEE
FMDB1425	RELEE
FMDB1426	RELEE
FMDB1427	RELEE
FMDB1428	RELEE
FMDB1429	RELEE
FMDB143	RPKHPIKHQGLPQEVLNEN
FMDB1430	RELEE
FMDB1431	RELEE
FMDB1432	RELEE
FMDB1433	RELEE
FMDB1434	FAQTQS
FMDB1435	FAQTQS
FMDB1436	FAQTQS
FMDB1437	FAQTQS
FMDB1438	FAQTQS
FMDB1439	FAQTQS
FMDB144	RPKHPIKHQGLPQEVLNEN
FMDB1440	FAQTQS
FMDB1441	FAQTQS
FMDB1442	FAQTQS
FMDB1443	FAQTQS
FMDB1444	FAQTQS
FMDB1445	FAQTQS
FMDB1446	FAQTQS
FMDB1447	FAQTQS
FMDB1448	FAQTQS
FMDB1449	LHLPLP
FMDB145	RPKHPIKHQGLPQEVLNEN
FMDB1450	LHLPLP
FMDB1451	LHLPLP
FMDB1452	LHLPLP
FMDB1453	LHLPLP
FMDB1454	LHLPLP
FMDB1455	LHLPLP
FMDB1456	LHLPLP
FMDB1457	LHLPLP
FMDB1458	LHLPLP
FMDB1459	LHLPLP
FMDB146	FLLYQEPVLGPVRGPFPIIV
FMDB1460	LHLPLP
FMDB1461	LHLPLP
FMDB1462	LHLPLP
FMDB1463	LHLPLP
FMDB1464	LTDVEN
FMDB1465	FTESQS
FMDB1466	FTESQS
FMDB1467	FTESQS
FMDB1468	FTESQS
FMDB1469	FTESQS
FMDB147	MKPWIQPKTKVIPYVRYL
FMDB1470	FTESQS
FMDB1471	FTESQS
FMDB1472	FTESQS
FMDB1473	PQRDMP
FMDB1474	PQRDMP
FMDB1475	PQRDMP
FMDB1476	PQRDMP
FMDB1477	PQRDMP
FMDB1478	PQRDMP
FMDB1479	PQRDMP
FMDB148	RPKHPIKHQGLPQEVLNENL
FMDB1480	PQRDMP
FMDB1481	PQRDMP
FMDB1482	VSKVKET
FMDB1483	LLYQEP
FMDB1484	LLYQEP
FMDB1485	LLYQEP
FMDB1486	LLYQEP
FMDB1487	VLPVPQK
FMDB1488	VLPVPQK
FMDB1489	VLPVPQK
FMDB149	RPKHPIKHQGLPQEVLNENL
FMDB1490	VLPVPQK
FMDB1491	VLPVPQK
FMDB1492	VLPVPQK
FMDB1493	VLPVPQK
FMDB1494	VLPVPQK
FMDB1495	VLPVPQK
FMDB1496	VLPVPQK
FMDB1497	VLPVPQK
FMDB1498	VLPVPQK
FMDB1499	VLPVPQK
FMDB15	DELQDKIHPFATQSLVYPFPGPIHNS
FMDB150	RPKHPIKHQGLPQEVLNENL
FMDB1500	VLPVPQK
FMDB1501	VLPVPQK
FMDB1502	LHLPLPL
FMDB1503	LHLPLPL
FMDB1504	LHLPLPL
FMDB1505	LHLPLPL
FMDB1506	LHLPLPL
FMDB1507	HPFAQTQ
FMDB1508	HPFAQTQ
FMDB1509	HPFAQTQ
FMDB151	RPKHPIKHQGLPQEVLNENL
FMDB1510	HPFAQTQ
FMDB1511	HPFAQTQ
FMDB1512	HPFAQTQ
FMDB1513	HPFAQTQ
FMDB1514	LQDKIHP
FMDB1515	LQDKIHP
FMDB1516	ITRINKK
FMDB1517	ITRINKK
FMDB1518	ITRINKK
FMDB1519	LTLTDVEN
FMDB152	LSQSKVLPVPQKAVPYPQRDMP
FMDB1520	LTLTDVEN
FMDB1521	LTLTDVEN
FMDB1522	LTLTDVEN
FMDB1523	LTLTDVEN
FMDB1524	VRGPFPIIV
FMDB1525	VRGPFPIIV
FMDB1526	VRGPFPIIV
FMDB1527	VRGPFPIIV
FMDB1528	VRGPFPIIV
FMDB1529	VRGPFPIIV
FMDB153	LSQSKVLPVPQKAVPYPQRDMP
FMDB1530	VRGPFPIIV
FMDB1531	VRGPFPIIV
FMDB1532	VRGPFPIIV
FMDB1533	VRGPFPIIV
FMDB1534	VRGPFPIIV
FMDB1535	VRGPFPIIV
FMDB1536	VRGPFPIIV
FMDB1537	VRGPFPIIV
FMDB1538	VRGPFPIIV
FMDB1539	VLGPVRGPFP
FMDB154	LSQSKVLPVPQKAVPYPQRDMP
FMDB1540	LQPEVMGVSK
FMDB1541	LSQSKVLPVPQK
FMDB1542	LSQSKVLPVPQK
FMDB1543	LLRF
FMDB1544	LLRF
FMDB1545	LLRF
FMDB1546	RPKHP
FMDB1547	RPKHP
FMDB1548	RPKHP
FMDB1549	RPKHP
FMDB155	LSQSKVLPVPQKAVPYPQRDMP
FMDB1550	RPKHP
FMDB1551	VFGKEK
FMDB1552	VFGKEK
FMDB1553	VFGKEK
FMDB1554	LHSMKEG
FMDB1555	LHSMKEG
FMDB1556	LHSMKEG
FMDB1557	LHSMKEG
FMDB1558	LHSMKEG
FMDB1559	LHSMKEG
FMDB156	RPKHPIKHQGLPQEVLNENLLRF
FMDB1560	LHSMKEG
FMDB1561	LHSMKEG
FMDB1562	LHSMKEG
FMDB1563	LHSMKEG
FMDB1564	IHAQQKEP
FMDB1565	IHAQQKEP
FMDB1566	IHAQQKEP
FMDB1567	IHAQQKEP
FMDB1568	IHAQQKEP
FMDB1569	IHAQQKEP
FMDB157	RPKHPIKHQGLPQEVLNENLLRF
FMDB1570	IHAQQKEP
FMDB1571	LKKYKVPQ
FMDB1572	LKKYKVPQ
FMDB1573	LKKYKVPQ
FMDB158	RPKHPIKHQGLPQEVLNENLLRF
FMDB159	RPKHPIKHQGLPQEVLNENLLRF
FMDB16	AVPYPQR
FMDB160	LSQSKVLPVPQKAVPYPQRDMPIQA
FMDB1601	PK
FMDB1602	PQ
FMDB1603	RI/RL
FMDB1604	ENLL
FMDB1605	EVLN
FMDB1606	PQEVL
FMDB1607	NENLL
FMDB1608	NLLRF
FMDB1609	PP
FMDB161	LSQSKVLPVPQKAVPYPQRDMPIQAF
FMDB1610	MPI/MPL
FMDB1611	REL
FMDB1612	EVVR
FMDB1613	GPIH
FMDB1614	PEVP
FMDB1615	DKIHP
FMDB1616	PGPIH
FMDB1617	PVEPF
FMDB1618	DKIHPF
FMDB1619	FPGPIH
FMDB162	LSQSKVLPVPQKAVPYPQRDMPIQAF
FMDB1620	HPIK
FMDB1621	HQGL
FMDB1622	DKIHP
FMDB1623	DKIHPF
FMDB1624	TGPIPN
FMDB1625	QP
FMDB1626	PP
FMDB1627	FP
FMDB1628	PFP
FMDB163	LSQSKVLPVPQKAVPYPQRDMPIQAF
FMDB1638	QP
FMDB1639	FP
FMDB164	LSQSKVLPVPQKAVPYPQRDMPIQAF
FMDB1640	PQL
FMDB1641	AWY
FMDB1642	PSE
FMDB1643	NINE
FMDB1644	ERYL
FMDB1645	DKIHP
FMDB1646	EIVPK
FMDB1647	DKIHPF
FMDB165	LSQSKVLPVPQKAVPYPQRDMPIQAFL
FMDB166	LSQSKVLPVPQKAVPYPQRDMPIQAFL
FMDB167	LSQSKVLPVPQKAVPYPQRDMPIQAFL
FMDB168	LSQSKVLPVPQKAVPYPQRDMPIQAFL
FMDB169	VYQHQKAMKPWIQPKTKVIPYVRYL
FMDB17	IPP
FMDB170	VYQHQKAMKPWIQPKTKVIPYVRYL
FMDB171	VYQHQKAMKPWIQPKTKVIPYVRYL
FMDB172	VYQHQKAMKPWIQPKTKVIPYVRYL
FMDB173	LHLPLP
FMDB1735	FALPQYLK
FMDB1736	FALPQYLK
FMDB1737	FALPQYLK
FMDB1739	AMKPWIQPK
FMDB174	LHLPLPL
FMDB1740	AMKPWIQPK
FMDB1741	AMKPWIQPK
FMDB1743	GPVRGPFPIIV
FMDB1744	GPVRGPFPIIV
FMDB1745	GPVRGPFPIIV
FMDB1747	AVPYPQR
FMDB1748	AVPYPQR
FMDB1749	AVPYPQR
FMDB175	LVYPFPGPIPNSLPQNIPP
FMDB1751	YPFPGPI
FMDB1752	YPFPGPI
FMDB1753	YPFPGPI
FMDB1756	YQEPVLGPVRGPFPIIV
FMDB1757	YQEPVLGPVRGPFPIIV
FMDB1758	YQEPVLGPVRGPFPIIV
FMDB176	VLGPVRGPFP
FMDB1760	EVFGKEKVN
FMDB1761	EVFGKEKVN
FMDB1762	EVFGKEKVN
FMDB1763	SDIPNPIGSENSEK
FMDB1764	SDIPNPIGSENSEK
FMDB1765	SDIPNPIGSENSEK
FMDB1767	YPVEPFTE
FMDB1768	YPVEPFTE
FMDB1769	YPVEPFTE
FMDB177	VRGPFPIIV
FMDB1771	RDMPIQAF
FMDB1772	RDMPIQAF
FMDB1773	RDMPIQAF
FMDB1776	YPVEPF
FMDB1779	RPKHPIKHQGLPQEVLNENLLRF
FMDB178	VPP
FMDB1784	VLNENLLR
FMDB1785	VLNENLLR
FMDB1786	VLNENLLR
FMDB1788	SQSKVLPVPQ
FMDB1789	SQSKVLPVPQ
FMDB179	IPP
FMDB1790	SQSKVLPVPQ
FMDB1792	MPFPKYPVEP
FMDB1793	MPFPKYPVEP
FMDB1794	MPFPKYPVEP
FMDB1796	IGSENSEKTTMP
FMDB1797	IGSENSEKTTMP
FMDB1798	IGSENSEKTTMP
FMDB18	IPP
FMDB180	LVYSHTEPIP
FMDB1800	LYQEPVLGPVRGPFPIIV
FMDB1801	LYQEPVLGPVRGPFPIIV
FMDB1802	LYQEPVLGPVRGPFPIIV
FMDB1805	NIPPLTQTPV
FMDB1806	DKIHPF
FMDB1807	DKIHPF
FMDB1808	DKIHPF
FMDB181	EPIPY
FMDB1810	VAPFPEVF
FMDB1811	VAPFPEVF
FMDB1812	VAPFPEVF
FMDB1814	FVAPFPEV
FMDB1815	FVAPFPEV
FMDB1816	FVAPFPEV
FMDB182	LPP
FMDB1820	FVAPFPE
FMDB1821	VAPFP
FMDB1822	VAPFPE
FMDB1823	FGKEK
FMDB1824	EKVNE
FMDB1825	IQKED
FMDB1826	LEQL
FMDB1827	IHAQ
FMDB1828	VNQEL
FMDB1829	YPSGAW
FMDB183	VMVPFLQP
FMDB1830	PSGAW
FMDB1831	VPLGTQY
FMDB1832	LGTQY
FMDB1833	DIPNP
FMDB1834	IGSEN
FMDB1835	MEHVS
FMDB1836	YQGPIVLNP
FMDB1837	QGPIVLNP
FMDB1838	AVPITPT
FMDB1839	PITPT
FMDB184	PAVMVPFLQP
FMDB1840	TKVIPY
FMDB1841	LNVPGE
FMDB1842	QQQTED
FMDB1843	VYPFP
FMDB1844	IPPL
FMDB1845	IPPLTQ
FMDB1846	KYPVEP
FMDB1847	LTDVEN
FMDB1848	TDVEN
FMDB1849	LHLPLP
FMDB185	PKRKEMPLLQSPVVPFTESQ
FMDB1850	HLPLP
FMDB1851	MHQPH
FMDB1852	VMFPPQS
FMDB1853	VLPVPQK
FMDB1854	YQEP
FMDB1855	IPIQY
FMDB1856	YQQKP
FMDB1857	FVAPFPE
FMDB1858	PEVFGK
FMDB1859	VFGKEK
FMDB186	KRKEMPLLQSPV
FMDB1860	MEDIKQ
FMDB1861	EDIKQ
FMDB1862	MIGVNQEL
FMDB1863	PSGAW
FMDB1864	FSDIPNP
FMDB1865	NPIGSEN
FMDB1866	RELEE
FMDB1867	LNVPGE
FMDB1868	QQQTE
FMDB1869	QQQTED
FMDB187	SPVVPFTE
FMDB1870	QQQTEDE
FMDB1871	ELQDK
FMDB1872	FAQTQS
FMDB1873	VYPFP
FMDB1874	IPPLTQ
FMDB1875	IPPLTQT
FMDB1876	IPPLTQTP
FMDB1877	PPLTQTP
FMDB1878	VSKVKE
FMDB1879	VSKVKEA
FMDB188	LHLPLPL
FMDB1880	VKEAM
FMDB1881	FPKYP
FMDB1882	KYPVEP
FMDB1883	FTESQ
FMDB1884	FTESQS
FMDB1885	LTLTDVEN
FMDB1886	LHLPLP
FMDB1887	LHLPLPL
FMDB1888	LHLPLPLLQS
FMDB1889	HLPLP
FMDB189	KVLPVPQ
FMDB1890	LPLPLLQ
FMDB1891	LPLPLLQS
FMDB1892	LPLLQS
FMDB1893	LQSW
FMDB1894	MHQPH
FMDB1895	VMFPPQS
FMDB1896	SLSQSK
FMDB1897	SKVLP
FMDB1898	MPIQA
FMDB1899	LLYQEP
FMDB19	VPP
FMDB190	VPYPQR
FMDB1900	LYQEP
FMDB1901	GPVRGPFP
FMDB1902	GPVRGPFPI
FMDB1903	IPTINT
FMDB1904	SPPEINT
FMDB1905	YPYY
FMDB1906	YPYY
FMDB191	MPVQAVLPFQEPVPDPVR
FMDB192	QEPVPDPVRGLHP
FMDB193	VPDPVRGLHP
FMDB194	PVRGLHP
FMDB195	LKDTRNE
FMDB196	LKDTRNEPTEDH
FMDB197	YFPIQFVQSR
FMDB1978	VLSLSQPKVLPVPQKAVPQ
FMDB1979	VLSLSQPKVLPVPQKAVPQ
FMDB198	YPSYGIN
FMDB199	KISQFYQK
FMDB20	VPP
FMDB200	GQIV MNPWDQ
FMDB2003	VPP
FMDB2004	IPP
FMDB2005	VPP
FMDB2006	IPP
FMDB2007	VPP
FMDB2008	VPP
FMDB2009	IPP
FMDB2010	VPP
FMDB2011	IPP
FMDB2012	VPP
FMDB2013	IPP
FMDB2014	VPP
FMDB2015	IPP
FMDB2016	VPP
FMDB2017	IPP
FMDB2018	VPP
FMDB2019	IPP
FMDB202	HRDVQPTL
FMDB2020	VPP
FMDB2021	VPP
FMDB2022	IPP
FMDB2023	VPP
FMDB2024	VPP
FMDB2025	IPP
FMDB2026	VPP
FMDB2027	IPP
FMDB2028	VPP
FMDB2029	IPP
FMDB203	AIPPKKNQD
FMDB2030	VPP
FMDB2031	IPP
FMDB2032	VPP
FMDB2033	IPP
FMDB2034	IPP
FMDB2035	IPP
FMDB2036	VPP
FMDB2037	IPP
FMDB2038	VPP
FMDB2039	IPP
FMDB2040	IPP
FMDB2065	LVYPFPGPIPNSLPQNIPP
FMDB2066	FVAPFPEVFGKEKVNELSKDIGSE
FMDB2067	LGTQYTDAPSFSDIPNPIGSENSEK
FMDB2068	LVYPFPGPIPNSLPQNIPP
FMDB2069	FVAPFPEVFGKEKVNELSKDIGSE
FMDB2070	LVYPFPGPIPNSLPQNIPP
FMDB2071	RPKHPI
FMDB2072	RPKH
FMDB2073	HPIKH
FMDB2074	TVDQ
FMDB2075	HQK
FMDB2076	LVYPFPGP
FMDB2077	TVDQHQ
FMDB2078	LVYPFPGPI
FMDB2079	QPQ
FMDB2080	VPQ
FMDB2081	IPQ
FMDB2082	QELLLNPTHQYPVTQPLAPVHNPISV
FMDB2083	YFVEPF
FMDB2084	HPHPHLSFM
FMDB2085	KAVPYFQR
FMDB21	IPP
FMDB2121	ARHPHPHLSFM
FMDB22	IPP
FMDB26	IPP
FMDB27	VPP
FMDB28	IPP
FMDB29	VPP
FMDB30	ARHPHPHLSFM
FMDB349	DDQNPH
FMDB350	LDDDLTDDI
FMDB351	YPSYGL
FMDB352	HPHPHLSFMAIPP
FMDB353	YDTQAIVQ
FMDB354	DDDLTDDIMCV
FMDB355	YPSYG
FMDB356	AESIS
FMDB357	SITRINK
FMDB358	HIQKEDVPS
FMDB359	TVQVTSTAV
FMDB360	TVQVTSTAV
FMDB361	NAVPITPTLN
FMDB362	SLPQNIPPL
FMDB363	QEPVLGPVRGPFPIIV
FMDB364	GPVRGPFPIIV
FMDB365	SLPQNIPPL
FMDB366	YIPIQYVLS
FMDB367	TVQVTSTAV
FMDB368	PEINTVQVTSTAV
FMDB369	GYLAVA
FMDB370	DVENLHLPLPLL
FMDB371	YPSYGL
FMDB372	ENGEC
FMDB373	TVQVTSTAV
FMDB374	TVQVTSTAV
FMDB375	GPVRGPFPIIV
FMDB376	TDDIMCVK
FMDB377	LVYPFP
FMDB378	LPLP
FMDB379	VLPVPQK
FMDB382	FVAPFPE
FMDB383	GKEKVNEL
FMDB384	DIKQMEAE
FMDB385	VPSERYLG
FMDB386	IPNPIGSEN
FMDB387	QKEPMIGVN
FMDB388	QKEPMIGVN
FMDB389	DIPNPIGSEN
FMDB39	DDQNPH
FMDB390	DIPNPIGSEN
FMDB391	FGKEKVNEL
FMDB392	FGKEKVNEL
FMDB393	EDIKQMEAE
FMDB394	EDIKQMEAE
FMDB395	QAMEDIKQM
FMDB396	AQQKEPMIGV
FMDB397	SEKTTMPLW
FMDB398	PNSAEERLH
FMDB399	KVPQLEIVPN
FMDB4	AYFYPE
FMDB40	LDDDLTDDI
FMDB400	KVPQLEIVPN
FMDB401	SAEERLHSM
FMDB402	SAEERLHSM
FMDB403	SDIPNPIGSEN
FMDB404	EIVPNSVEQK
FMDB405	QKEPMIGVNQ
FMDB406	QKEPMIGVNQ
FMDB407	VFGKEKVNEL
FMDB408	VFGKEKVNEL
FMDB409	DVPSERYLGY
FMDB41	YPSYGL
FMDB410	DVPSERYLGY
FMDB411	NSEKTTMPLW
FMDB412	NSEKTTMPLW
FMDB413	IVPNSAEERL
FMDB414	DQAMEDIKQM
FMDB415	DQAMEDIKQM
FMDB416	AQQKEPMIGVN
FMDB417	AQQKEPMIGVN
FMDB418	EIVPNSVEQK
FMDB419	EIVPNSAEER
FMDB42	HPHPHLSFMAIPP
FMDB420	AQQKEPMIGVN
FMDB421	AQQKEPMIGVN
FMDB422	KEDVPSERYL
FMDB423	KEDVPSERYL
FMDB424	VFGKEKVNELS
FMDB425	DIPNPIGSENSE
FMDB426	DIPNPIGSENSE
FMDB427	QKEPMIGVNQE
FMDB428	QKEPMIGVNQE
FMDB429	QKEPMIGVNQE
FMDB43	YDTQAIVQ
FMDB430	IVPNSAEERLH
FMDB431	IVPNSAEERLH
FMDB432	QKEPMIGVNQEL
FMDB433	QKEPMIGVNQEL
FMDB434	QKEPMIGVNQEL
FMDB435	QKEPMIGVNQEL
FMDB436	KVNELSKDIGSE
FMDB437	SKDIGSESTEDQAM
FMDB438	QKEPMIGVNQELAY
FMDB439	SKDIGSESTEDQAM
FMDB44	DDDLTDDIMCV
FMDB440	SKDIGSESTEDQAM
FMDB441	SKDIGSESTEDQAM
FMDB442	SKDIGSESTEDQAME
FMDB443	SKDIGSESTEDQAME
FMDB444	KVNELSKDIGSESTE
FMDB445	SKDIGSESTEDQAME
FMDB446	SVEQKHIQKEDVPSE
FMDB447	RPKHPIKHQGLPQEVL
FMDB448	RPKHPIKHQGLPQEVLNE
FMDB449	EEVKITVD
FMDB45	YPSYG
FMDB450	EEVKITVD
FMDB451	ALPQYLKT
FMDB452	YQKFPQY
FMDB453	VATEEVKIT
FMDB454	VATEEVKIT
FMDB455	SIISQETY
FMDB456	IISQETYK
FMDB457	IISQETYK
FMDB458	SIISQETYK
FMDB459	KALNEINQF
FMDB46	AESIS
FMDB460	NMAINPSKE
FMDB461	MKPWIQPKT
FMDB462	SIISQETYK
FMDB463	SIISQETYK
FMDB464	MESTEVFTK
FMDB465	MESTEVFTK
FMDB466	MESTEVFTK
FMDB467	MESTEVFTK
FMDB468	IQPKTKVIPY
FMDB469	IQPKTKVIPY
FMDB47	SITRINK
FMDB470	ALPQYLKTVY
FMDB471	RNAVPITPTLN
FMDB472	RNAVPITPTLN
FMDB473	AVPITPTLNRE
FMDB474	REQLSTSEE
FMDB475	REQLSTSEE S5 (phospho) S7 (phospho)
FMDB476	SIISQETYKQ S4 (phospho)
FMDB477	ESIISQETYK S5 (phospho)
FMDB478	ESIISQETYK S5 (phospho)
FMDB479	MESTEVFTKK S3 (phospho)
FMDB48	HIQKEDVPS
FMDB480	MESTEVFTKK S3 (phospho)
FMDB481	NAVPITPTLNRE
FMDB482	NAVPITPTLNRE
FMDB483	NREQLSTSEE
FMDB484	LNREQLSTSEE
FMDB485	LNREQLSTSEE
FMDB486	SIISQETYKQE
FMDB487	EESIISQETYK
FMDB488	LNREQLSTSEE
FMDB489	LNREQLSTSEE
FMDB49	TVQVTSTAV
FMDB490	EVKITVDDKHYQ
FMDB491	SIISQETYKQEK
FMDB492	NAVPITPTLNREQL
FMDB493	SKKTVDMESTEVF
FMDB494	NSKKTVDMESTEVF
FMDB495	NSKKTVDMESTEVF
FMDB496	NSKKTVDMESTEVF
FMDB497	NSKKTVDMESTEVF
FMDB498	IQPKTKVIPYVRYL
FMDB499	KAVPYPQ
FMDB5	SKVLPVPQ
FMDB50	NAVPITPTLN
FMDB500	KAVPYPQ
FMDB501	NLHLPLP
FMDB502	SVLSLSQS
FMDB503	SVLSLSQS
FMDB504	RDMPIQA
FMDB505	SKVLPVPQ
FMDB506	SKVLPVPQ
FMDB507	HLPLPLLQ
FMDB508	SVLSLSQSK
FMDB509	LNVPGEIVE
FMDB51	SLPQNIPPL
FMDB510	RDMPIQAF
FMDB511	TESQSLTLT
FMDB512	SLTLTDVEN
FMDB513	SLTLTDVEN
FMDB514	RDMPIQAF
FMDB515	QSKVLPVPQ
FMDB516	QSKVLPVPQ
FMDB517	LQDKIHPF
FMDB518	VMFPPQSVL
FMDB519	HLPLPLLQS
FMDB52	QEPVLGPVRGPFPIIV
FMDB520	VVPPFLQPE
FMDB521	IHPFAQTQS
FMDB522	LHLPLPLLQ
FMDB523	DKIHPFAQT
FMDB524	NIPPLTQTPV
FMDB525	NIPPLTQTPV
FMDB526	SQSKVLPVPQ
FMDB527	SQSKVLPVPQ
FMDB528	KIEKFQSE
FMDB529	IEKFQSEE
FMDB53	GPVRGPFPIIV
FMDB530	IEKFQSEE
FMDB531	RDMPIQAFL
FMDB532	DELQDKIHP
FMDB533	VYPFPGPIPN
FMDB534	VYPFPGPIPN
FMDB535	QQQTEDELQ
FMDB536	QQQTEDELQ
FMDB537	EQQQTEDEL
FMDB538	EQQQTEDEL
FMDB539	QSLTLTDVEN
FMDB54	YIPIQYVLS
FMDB540	QSLTLTDVEN
FMDB541	ELQDKIHPF
FMDB542	ELQDKIHPF
FMDB543	VPQKAVPYPQ
FMDB544	LHLPLPLLQS
FMDB545	SSEESITRIN
FMDB546	RELEELNVPG
FMDB547	RELEELNVPG
FMDB548	LQSWMHQPH
FMDB549	VMGVSKVKEAM
FMDB55	TVQVTSTAV
FMDB550	DKIHPFAQTQ
FMDB551	DKIHPFAQTQ
FMDB552	LSQSKVLPVPQ
FMDB553	LSQSKVLPVPQ
FMDB554	SITRINKKIE
FMDB555	RDMPIQAFLL
FMDB556	KKIEKFQSE S8
FMDB557	KIEKFQSEE S7
FMDB558	KIEKFQSEE S7
FMDB559	RDMPIQAFLL
FMDB56	PEINTVQVTSTAV
FMDB560	DELQDKIHPF
FMDB561	DELQDKIHPF
FMDB562	NLHLPLPLLQS
FMDB563	EQQQTEDELQ
FMDB564	EQQQTEDELQ
FMDB565	DKIHPFAQTQS
FMDB566	DKIHPFAQTQS
FMDB567	HKEMPFPKYP
FMDB568	TRINKKIEKF
FMDB569	MHQPHQPLPPT
FMDB57	GYLAVA
FMDB570	MHQPHQPLPPT
FMDB571	SLSQSKVLPVPQ
FMDB572	SLSQSKVLPVPQ
FMDB573	SLVYPFPGPIPN
FMDB574	KAVPYPQRDMP
FMDB575	QDKIHPFAQTQ
FMDB576	TESQSLTLTDVE
FMDB577	TESQSLTLTDVE
FMDB578	ELQDKIHPFAQ
FMDB579	ELQDKIHPFAQ
FMDB58	DVENLHLPLPLL
FMDB580	IEKFQSEEQQ
FMDB581	IEKFQSEEQQ
FMDB582	KKIEKFQSEE
FMDB583	SLSSSEESITR
FMDB584	EQQQTEDELQD
FMDB585	EDELQDKIHPF
FMDB586	DKIHPFAQTQSL
FMDB587	DKIHPFAQTQSL
FMDB588	QDKIHPFAQTQS
FMDB589	QDKIHPFAQTQS
FMDB59	YPSYGL
FMDB590	VPGEIVESLSSSE
FMDB591	ELQDKIHPFAQT
FMDB592	ELQDKIHPFAQT
FMDB593	TESQSLTLTDVEN
FMDB594	TESQSLTLTDVEN
FMDB595	FQSEEQQQTED
FMDB596	KFQSEEQQQTE
FMDB597	KFQSEEQQQTE
FMDB598	WMHQPHQPLPPT
FMDB599	IEKFQSEEQQQ
FMDB6	GPFPIIV
FMDB60	ENGEC
FMDB600	KIEKFQSEEQQ
FMDB601	SITRINKKIEKF
FMDB602	SEEQQQTEDELQ
FMDB603	ELQDKIHPFAQTQ
FMDB604	ELQDKIHPFAQTQ
FMDB605	SWMHQPHQPLPPT
FMDB606	KVLPVPQKAVPYPQ
FMDB607	IEKFQSEEQQQT
FMDB608	KFQSEEQQQTED
FMDB609	KIEKFQSEEQQQ
FMDB61	TVQVTSTAV
FMDB610	RELEELNVPGEIVE
FMDB611	ELQDKIHPFAQTQS
FMDB612	ELQDKIHPFAQTQS
FMDB613	SKVLPVPQKAVPYPQ
FMDB614	DELQDKIHPFAQTQ
FMDB615	KIEKFQSEEQQQT
FMDB616	IEKFQSEEQQQTE
FMDB617	QQQTEDELQDKIHP
FMDB618	QQQTEDELQDKIHP
FMDB619	RINKKIEKFQSEE
FMDB62	GPVRGPFPIIV
FMDB620	HKEMPFPKYPVEPF
FMDB621	IEKFQSEEQQQTED
FMDB622	IEKFQSEEQQQTED
FMDB623	KIEKFQSEEQQQTE
FMDB624	SQSKVLPVPQKAVPYPQ
FMDB625	KIEKFQSEEQQQTED
FMDB626	KIEKFQSEEQQQTED
FMDB627	HKEMPFPKYPVEPFTE
FMDB628	MHQPHQPLPPTVMFPPQ
FMDB629	APKHKEMPFPKYPVEPF
FMDB63	TDDIMCVK
FMDB630	HKEMPFPKYPVEPFTES
FMDB631	SLSQSKVLPVPQKAVPYPQ
FMDB632	MAPKHKEMPFPKYPVEPF
FMDB633	HKEMPFPKYPVEPFTESQ
FMDB634	SITRINKKIEKFQSEEQQ
FMDB635	APKHKEMPFPKYPVEPFTES
FMDB636	QILQWQ
FMDB637	IESPPEIN
FMDB638	IESPPEIN
FMDB639	KTEIPTIN
FMDB64	LNVPGEIVE
FMDB640	KYIPIQY
FMDB641	YQQKPVAL
FMDB642	YQQKPVAL
FMDB643	AVRSPAQIL
FMDB644	SPPEINTVQ
FMDB645	VLSRYPSY
FMDB646	QKPVALINN
FMDB647	QKPVALINN
FMDB648	VIESPPEIN
FMDB649	VIESPPEIN
FMDB65	NIPPLTQTPV
FMDB650	INTIASGEPT
FMDB651	QQKPVALIN
FMDB652	QQKPVALIN
FMDB653	QILQWQVL
FMDB654	DKTEIPTIN
FMDB655	NYYQQKPV
FMDB656	VATLEDSPE
FMDB657	VATLEDSPE
FMDB658	VLSRYPSYG
FMDB659	EIPTINTIAS
FMDB66	IPPLTQTPV
FMDB660	AVRSPAQILQ
FMDB661	AVRSPAQILQ
FMDB662	VIESPPEINT
FMDB663	VIESPPEINT
FMDB664	IAKYIPIQY
FMDB665	YYQQKPVAL
FMDB666	YYQQKPVAL
FMDB667	STPTTEAVEST
FMDB668	QKPVALINNQ
FMDB669	QQKPVALINN
FMDB67	PPLTQTPV
FMDB670	YAKPAAVRSPA
FMDB671	KYIPIQYVL
FMDB672	TVATLEDSPE
FMDB673	TVATLEDSPE
FMDB674	QDKTEIPTIN
FMDB675	EKDERFFSD
FMDB676	YQQKPVALIN
FMDB677	YQQKPVALIN
FMDB678	LPYPYYAKPA
FMDB679	LPYPYYAKPA
FMDB68	NVPGEIVE
FMDB680	STVATLEDSPE
FMDB681	STVATLEDSPE
FMDB682	KIAKYIPIQY
FMDB683	QQKPVALINNQ
FMDB684	AVRSPAQILQW
FMDB685	YQQKPVALINN
FMDB686	YQQKPVALINN
FMDB687	IASGEPTSTPTTE
FMDB688	GEPTSTPTTEAVE
FMDB689	VIESPPEINTVQ
FMDB69	NVPGEIVE
FMDB690	ARHPHPHLSFM
FMDB691	YYQQKPVALIN
FMDB692	YYQQKPVALIN
FMDB693	TIASGEPTSTPTTE
FMDB694	AVRSPAQILQWQ
FMDB695	KIAKYIPIQYVL
FMDB696	YYQQKPVALINN
FMDB697	YYQQKPVALINN
FMDB698	QFLPYPYYAKPA
FMDB699	QFLPYPYYAKPA
FMDB7	GTQYTDAPSFSDIPNPIGSENSEKTTMPLW
FMDB70	DKIHPF
FMDB700	AVESTVATLEDSPE S12 (phospho)
FMDB701	KIAKYIPIQYVLS
FMDB702	NYYQQKPVALINN
FMDB703	YYQQKPVALINNQ
FMDB704	AIPPKKNQDKTEIPTINTIASGEPT
FMDB71	KVLPVPE
FMDB72	VIGSPPEIN
FMDB73	SPPEIN
FMDB730	LPYPYYAKPA
FMDB731	YPYYAKPA
FMDB732	AVRSPAQIL
FMDB733	LPNTVPAK
FMDB734	RPKQPIKHQGLPQ
FMDB735	RPKQPIKHQGLPQGVL
FMDB736	RPKQPIKHQGLPQG
FMDB737	APFPEVFGK
FMDB738	APFPEVFGKE
FMDB739	APFPEVFGKEKVNEL
FMDB74	RELEELNVPGEIVE
FMDB740	AQTQSLVYPFPGPIPK
FMDB741	DELQDKIHP
FMDB742	DELQDKIHPF
FMDB743	DELQDKIHPFAQTQ
FMDB744	EPVLGPVRGPFP
FMDB745	EPVLGPVRGPFPI
FMDB746	EPVLGPVRGPFPIIV
FMDB747	GVSKVKEAMAPKH
FMDB748	IPPLTQTPVVVPPFLQPE
FMDB749	KVLPVPQK
FMDB75	MPFPKYPVEPFTESQSL
FMDB750	LHLPLPLLQSW
FMDB751	LPLPLLQSW
FMDB752	LPLPLLQSWM
FMDB753	LVYPFPGPIPK
FMDB754	LVYPFPGPIPKSLPQ
FMDB755	LVYPFPGPIPKSLPQN
FMDB756	MAPKHKEMPFPKYPVEPF
FMDB757	MPFPKYPVEPF
FMDB758	NLHLPLPLLQSW
FMDB759	PPLTQTPVVVP
FMDB76	YQEPVLGPVRGPFP
FMDB760	PPVVVPPFLQPEIM
FMDB761	QDKIHPFAQTQ
FMDB762	QEPVLGPVRGPFPIIV
FMDB763	SKVLPVPQKAVPYPQ
FMDB764	SLPQNIPPLTQTPVVVPPFLQPE
FMDB765	SLPQNIPPLTQTPVVVPPFLQPEIM
FMDB766	SLVYPFPGPIPKSLPQ
FMDB767	SWMHQPPQPLPPTVMFPPQSVLSL
FMDB768	TPVVVPPFLQPEIM
FMDB769	VPPFL
FMDB77	YQEPVLGPVRGPFPIIV
FMDB770	WMHQPPQPLPPTVMFPPQSVLSL
FMDB771	YPFPGPIPK
FMDB772	YPFPGPIPKSLPQ
FMDB773	YPFPGPIPKSLPQN
FMDB774	YQEPVLGPVRGPFPIIV
FMDB78	QEPVLGPVRGPFPIIV
FMDB780	DKIHPFAQ
FMDB781	TQTPVVVP
FMDB782	KAVPQ
FMDB783	RPKHPIKH YQKA
FMDB784	RPKHPIKH
FMDB785	SQPK YQEP
FMDB786	NQFLPYPY
FMDB787	TQTPVVVP
FMDB788	YPVEPFTE
FMDB789	GVPKVK
FMDB79	EPVLGPVRGPFP
FMDB790	GVPKVKE
FMDB791	GVPKVKE
FMDB792	TYKEE
FMDB793	IPP
FMDB794	IPP
FMDB795	YQQPVL
FMDB796	RINKK
FMDB797	SLPQN
FMDB798	VPP
FMDB799	ARHPH
FMDB8	KYPVQPFTESQSLTL
FMDB80	EPVLGPVRGPFPIIV
FMDB81	PVLGPVRGPFPIIV
FMDB82	VLGPVRGPFPIIV
FMDB83	LGPVRGPFPIIV
FMDB84	GPVRGPFPIIV
FMDB85	LPQEVLNENLL
FMDB86	LPQEVLNENLLRF
FMDB87	APFPEVFGK
FMDB88	APSFSDIPNPIGSEN
FMDB89	APSFSDIPNPIGSENSEKTTMP
FMDB9	SVLSLSESKVLPVPE
FMDB90	APSFSDIPNPIGSENSEKTTMPLW
FMDB91	PSFSDIPNPIGSENSEKTTMP
FMDB912	LHLPLP
FMDB913	LHLPLPL
FMDB914	LVYPFPGPIPNSLPQNIPP
FMDB915	VLGPVRGPFP
FMDB916	VRGPFPIIV
FMDB917	VLGPVRGPFPIIV
FMDB918	LTQTPVVVPPF
FMDB919	VVVPPF
FMDB92	SFSDIPNPIGSENSEKTTMPLW
FMDB920	LHLPLP
FMDB921	LHLPLPL
FMDB922	LVYPFPGPIPNSLPQNIPP
FMDB923	VLGPVRGPFP
FMDB924	VRGPFPIIV
FMDB925	VLGPVRGPFPIIV
FMDB926	LTQTPVVVPPF
FMDB927	VVVPPF
FMDB928	LHLPLP
FMDB929	LHLPLPL
FMDB93	FSDIPNPIGSENSEKTTMPLW
FMDB930	LVYPFPGPIPNSLPQNIPP
FMDB931	VLGPVRGPFP
FMDB932	VRGPFPIIV
FMDB933	VLGPVRGPFPIIV
FMDB934	LTQTPVVVPPF
FMDB935	VVVPPF
FMDB936	LHLPLP
FMDB937	LHLPLPL
FMDB938	LVYPFPGPIPNSLPQNIPP
FMDB939	VLGPVRGPFP
FMDB94	SDIPNPIGSENSEKTTMPLW
FMDB940	VRGPFPIIV
FMDB941	VLGPVRGPFPIIV
FMDB942	LTQTPVVVPPF
FMDB943	VVVPPF
FMDB944	SN
FMDB945	VPP
FMDB946	RY
FMDB947	PQEVL
FMDB948	VLNENLL
FMDB949	KFALPQ
FMDB95	DIPNPIGSENSEKTTMPLW
FMDB950	IPPL
FMDB951	SLTLTDVE
FMDB952	KYIPIQY
FMDB953	IPIQY
FMDB954	AVRSPAQIL
FMDB955	AVRSPAQILQ
FMDB956	QWQVLSN
FMDB957	AIPPKKNQDKTEIPTIN
FMDB958	NLLRF
FMDB959	FVAPFPE
FMDB96	IPNPIGSENSEKTTMPL
FMDB960	FRQFYQL
FMDB961	KTTMPLW
FMDB962	ENSKKTVD
FMDB963	EQQQTEDE
FMDB964	LPQNIPPL
FMDB965	NIPPLTQTPV
FMDB966	VPPFLQP
FMDB967	VPPFLQPE
FMDB968	FPPQSVL
FMDB969	KVLPVPQ
FMDB97	IPNPIGSENSEKTTMPLW
FMDB970	ILQWQVLSN
FMDB971	VAPFPGVFGK
FMDB972	VAPFPGVFGK
FMDB973	HLPLPL
FMDB974	HLPLPL
FMDB975	PPQ
FMDB976	GPVRGPFPII
FMDB977	GPVRGPFPII
FMDB978	NQE
FMDB979	NQE
FMDB98	PIGSENSEKTTMPLW
FMDB980	AKYIPIQYVLSRYPSY
FMDB981	AKYIPIQYVLSRYPSY
FMDB982	IPIQYVL
FMDB983	IPIQYVL
FMDB984	PPK
FMDB985	PPK
FMDB99	IGSENSEKTTMPLW
FMDB2178	QPQQRGQSSRP
FMDB2179	QPQQRGQSSRP
FMDB2180	GQTSSPDIYNP
FMDB2181	GQTSSPDIYNP
FMDB2182	KGKDKHCQRP
FMDB2183	KGKDKHCQRP
FMDB2184	QARQIKNNNP
FMDB2185	QARQIKNNNP
FMDB853	II
FMDB854	ID
FMDB855	IFY
FMDB856	LFY
FMDB857	LYY
FMDB2177	EVMAGNLYPG
FMDB2203	AF
FMDB2204	FI
FMDB2205	IF
FMDB851	AF
FMDB852	IF
FMDB1923	SKWQHQQDSCRKQKQGVNLTPCEKHIMEKIQGRGDDDDDDDDD
FMDB1924	KQKQGVNLTPCEKHIMEKIQGRGDDDDDDDDD
FMDB1925	TPCEKHIMEKIQGRGDDDDDDDDD
FMDB1926	SKWQHQQDSCRKQKQGVNLTPCEKHIMEKIQGRGDDDDDDDDD
FMDB1927	QHQQDSCRKQKQGVNLTPCEKHIMEKIQGRGDDDDDDDDD
FMDB1928	KQKQGVNLTPCEKHIMEKIQGRGDDDDDDDDD
FMDB1929	SKWQHQQDSCRKQKQGVNLTPCEKHIMEKIQGRGDDDDDDDDD
FMDB1930	QHQQDSCRKQKQGVNLTPCEKHIMEKIQGRGDDDDDDDDD
FMDB1931	KQKQGVNLTPCEKHIMEKIQGRGDDDDDDDDD
FMDB1932	SKWQHQQDSCRKQKQGVNLTPCEKHIMEKIQGRGDDDDDDDDD
FMDB1933	KQKQGVNLTPCEKHIMEKIQGRGDDDDDDDDD
FMDB1934	SKWQHQQDSCRKQKQGVNLTPCEKHIMEKIQGRGDDDDDDDDD
FMDB1935	QHQQDSCRKQKQGVNLTPCEKHIMEKIQGRGDDDDDDDDD
FMDB1936	KQKQGVNLTPCEKHIMEKIQGRGDDDDDDDDD
FMDB1937	TPCEKHIMEKIQGRGDDDDDDDDD
FMDB1994	AW
FMDB1995	GW
FMDB1996	AY
FMDB1997	SY
FMDB1998	GY
FMDB1999	AF
FMDB2000	VP
FMDB2001	AI
FMDB2002	VG
FMDB2202	LVQGS
FMDB2203	AF
FMDB2204	FI
FMDB2205	IF
FMDB775	HHL
FMDB776	IPRPRPRP
FMDB777	PIPFP
FMDB778	PVNKP
FMDB779	LKPDNR
FMDB842	AW
FMDB843	GW
FMDB844	AY
FMDB845	SY
FMDB846	GY
FMDB847	AF
FMDB848	VP
FMDB849	AI
FMDB850	VG
FMDB851	AF
FMDB852	IF
FMDB853	II
FMDB854	ID
FMDB855	IFY
FMDB856	LFY
FMDB857	LYY
FMDB858	LAIPVNKP
FMDB859	LPHF
FMDB860	SPYP
FMDB861	WL
FMDB990	LIVTQ
FMDB991	LIVT
FMDB992	LVQGS
FMDB993	IFL
FMDB994	WL
FMDB995	FIG
FMDB31	DVWY
FMDB32	FDART
FMDB33	FQ
FMDB34	VAE
FMDB35	VVG
FMDB36	WTFR
FMDB1976	IFL
FMDB1977	WL
FMDB993	IFL
FMDB994	WL
FMDB1000	PVAPLQRSGPE
FMDB1001	PRSGNVGESGL
FMDB1002	VAPSRPTPR
FMDB1003	DIIIPD
FMDB1004	PRSGNVGESGLID
FMDB1005	DPVAPLQRSGPEI
FMDB1006	DPVAPLQRSGPEIP
FMDB1007	PVAPLPRKGS
FMDB1008	DPVAPLQRSGPE
FMDB1009	SFTAGARTFNFDENPCDYFQGGKIKAT
FMDB1039	IQP
FMDB1040	LQP
FMDB1041	IIP
FMDB1042	LIP
FMDB1043	LLP
FMDB1044	IPP
FMDB1045	LPP
FMDB1046	VPP
FMDB1907	SKWQHQQDSCRKQKQGVNLTPCEKHIMEKIQGRGDDDDDDDDD
FMDB1908	QHQQDSCRKQKQGVNLTPCEKHIMEKIQGRGDDDDDDDDD
FMDB1909	KQKQGVNLTPCEKHIMEKIQGRGDDDDDDDDD
FMDB1910	TPCEKHIMEKIQGRGDDDDDDDDD
FMDB1911	SKWQHQQDSCRKQKQGVNLTPCEKHIMEKIQGRGDDDDDDDDD
FMDB1912	QHQQDSCRKQKQGVNLTPCEKHIMEKIQGRGDDDDDDDDD
FMDB1913	TPCEKHIMEKIQGRGDDDDDDDDD
FMDB1914	SKWQHQQDSCRKQKQGVNLTPCEKHIMEKIQGRGDDDDDDDDD
FMDB1915	QHQQDSCRKQKQGVNLTPCEKHIMEKIQGRGDDDDDDDDD
FMDB1916	KQKQGVNLTPCEKHIMEKIQGRGDDDDDDDDD
FMDB1917	TPCEKHIMEKIQGRGDDDDDDDDD
FMDB1918	SKWQHQQDSCRKQKQGVNLTPCEKHIMEKIQGRGDDDDDDDDD
FMDB1919	QHQQDSCRKQKQGVNLTPCEKHIMEKIQGRGDDDDDDDDD
FMDB1920	TPCEKHIMEKIQGRGDDDDDDDDD
FMDB1921	SKWQHQQDSCRKQKQGVNLTPCEKHIMEKIQGRGDDDDDDDDD
FMDB1922	QHQQDSCRKQKQGVNLTPCEKHIMEKIQGRGDDDDDDDDD
FMDB31	DVWY
FMDB32	FDART
FMDB33	FQ
FMDB34	VAE
FMDB35	VVG
FMDB36	WTFR
FMDB705	MAPAAVAAAEAGSK
FMDB706	DNIPIVIR
FMDB818	LQP
FMDB819	LLP
FMDB820	VPP
FMDB821	IPP
FMDB822	LQP
FMDB823	LLP
FMDB824	VPP
FMDB825	IPP
FMDB826	LQP
FMDB827	LLP
FMDB828	VPP
FMDB829	IPP
FMDB830	LQP
FMDB831	LLP
FMDB832	VPP
FMDB833	IPP
FMDB834	LQP
FMDB835	LLP
FMDB836	VPP
FMDB837	IPP
FMDB838	LQP
FMDB839	LLP
FMDB840	VPP
FMDB841	IPP
FMDB996	DPVAPLQRSGPEI
FMDB997	PVAPQLSRGLL
FMDB998	ELEIVMASPP
FMDB999	QILLPRPGQAA
FMDB1195	LAFNPTQLEGQCHV
FMDB1196	LAFNPTQLEGQCHV
FMDB1818	ALPM
FMDB1819	ALPM
FMDB1905	YPYY
FMDB1906	YPYY
FMDB204	RLSFNP
FMDB2041	AEKTK
FMDB2042	AQSAP
FMDB2043	IPAVF
FMDB2044	APLRV
FMDB2045	AHKAL
FMDB337	WLAHK
FMDB37	SKVYPFPGPI
FMDB1014	QFYAV
FMDB1015	AGPVLL
FMDB1017	LIPPGVPY
FMDB1018	YYAPFDGIL
FMDB1019	YYAPF
FMDB1020	SWSF
FMDB1021	WVPSVY
FMDB1022	AWPF
FMDB1023	LAGNGRSVGVEYV
FMDB1024	ATQVPLVSSTSEGYTASQPLYQP
FMDB1025	NPADLPDAG
FMDB1026	TRHNIGFAAVDALARAWNISLA
FMDB1027	TTTAATS
FMDB1028	REGAAPGAA
FMDB2046	pyro ENIDNP
FMDB2047	pyroENI
FMDB2048	pyroEV
FMDB2049	pyroELW
FMDB2050	pyroEVA
FMDB2051	pyroEVP
FMDB2052	pyroEVV
FMDB2053	pyroENF
FMDB2054	pyroEL
FMDB2055	pyroEQ
FMDB2056	pyroESQ
FMDB2057	pyroEM
FMDB2058	pyroEGQ
FMDB2059	pyroEY
FMDB2060	pyroEF
FMDB2061	pyroEN
FMDB2062	pyroES
FMDB2063	pyroEG
FMDB2064	pyroGA
FMDB986	IHH
FMDB987	VVH/N
FMDB988	LVP
FMDB989	L/VKRP
FMDB2186	TASSVASTTK
FMDB2187	TIKATKT
FMDB2188	MLAAKSSAAST
FMDB2189	VSSGAEIAKI
FMDB2190	NQMLAAKSSAAS
FMDB2191	VINIVLAAV
FMDB2192	ENGNTLSG
FMDB2193	GNMPSGG
FMDB2194	TASSVASTTK
FMDB2195	TIKATKT
FMDB2196	MLAAKSSAAST
FMDB2197	VSSGAEIAKI
FMDB2198	NQMLAAKSSAAS
FMDB2199	VINIVLAAV
FMDB2200	ENGNTLSG
FMDB2201	GNMPSGG
FMDB1283	IPP
FMDB1284	IPP
FMDB1285	VPP
FMDB1292	QQQTED
FMDB1293	NSKKTVD
FMDB1294	YP
FMDB1295	YAKPA
FMDB1296	TVQVT
FMDB1297	TVQVTST
FMDB1298	VPYPQ
FMDB1299	PIGSENS
FMDB1300	KAVPYPQ
FMDB1301	TVQVTSTAV
FMDB1302	IESPPEIN
FMDB1303	NVPGEIVE
FMDB1304	VIESPPEIN
FMDB1305	KVLPVPE
FMDB1306	GVRGPFPII
FMDB1307	DKIHPF
FMDB1308	IPIQY
FMDB1309	VFGKEKVNEL
FMDB1310	ELQDKIHPF
FMDB1311	YPFPGPIPN
FMDB1312	QQPVLGPVRGPFP
FMDB1313	HKEMPFPKYPVQPF
FMDB1314	MAPKHKEMPFPKYPVQPF
FMDB1315	LVYPFPGPIPN
FMDB1316	SLVYPFPGPIPN
FMDB1317	MPFPKYPVQPF
FMDB1318	TQTPVVVPPFLQPE
FMDB1319	YQQPVLGPVRGPFPII
FMDB1320	RDMPIQAFLL
FMDB1321	QQPVLGPVRGPFPIIV
FMDB1322	YQQPVLGPVRGPFPIIV
FMDB1323	MAPKHEMPFPKYP
FMDB1324	SLPQNIPPLTQTPVVVPFLQPEVM
FMDB1325	NIPPLTQTPVVVPFLQPEVM
FMDB2122	FAQ
FMDB2123	KFQSEE
FMDB2124	QQQTEDELQ
FMDB2125	KAVPYPQ
FMDB2126	SPPEIN
FMDB2127	LIHPFAQ
FMDB2128	DKIHPFAQTQ
FMDB2129	KAVPYPQRDMPIQ
FMDB2130	SQSKVLPVPQ
FMDB2131	AVPYPQRDMPI
FMDB2132	DKIHPF
FMDB2133	SVLSLSQ
FMDB2134	SVLSLS
FMDB2135	YQEPVL
FMDB2136	LTLTDVE
FMDB2137	DMPIQAF
FMDB2138	SLTLTDVE
FMDB2139	LNVPGEIVQ
FMDB2140	FVAPFPE
FMDB2141	FLL
FMDB2142	SLVYPFPGPIHN
FMDB2143	DMPIQAFL
FMDB2144	SLVYPFPGPIHNSLPQ
FMDB2145	VAPFPEVF
FMDB2146	GPVRGPF
FMDB2147	FVAPFPEVFG
FMDB2148	YYEQPVLGPVRGPFPIIV
FMDB2149	LYQEPVLGPVRGPF
FMDB2150	LLYQEPVLGPVRGPF
FMDB2151	NLHLPLPLPLLQ
FMDB23	YP
FMDB24	YP
FMDB25	YP
FMDB780	DKIHPFAQ
FMDB781	TQTPVVVP
FMDB784	RPKHPIKH
FMDB785	SQPK YQEP
FMDB786	NQFLPYPY
FMDB787	TQTPVVVP
FMDB788	YPVEPFTE
FMDB792	TYKEE
FMDB793	IPP
FMDB794	IPP
FMDB795	YQQPVL
FMDB796	RINKK
FMDB797	SLPQN
FMDB798	VPP
FMDB799	ARHPH
